episode,total_reward,final_waiting,final_avg_travel_time,epsilon
1,-70.0,70.0,142.62653562653563,0.997
2,-73.0,73.0,149.47420147420146,0.994009
3,-60.0,60.0,139.33169533169533,0.991026973
4,-82.0,82.0,140.13513513513513,0.988053892081
5,-82.0,82.0,152.14742014742015,0.985089730404757
6,-75.0,75.0,161.67567567567568,0.9821344612135428
7,-74.0,74.0,145.8992628992629,0.9791880578299021
8,-83.0,83.0,140.30712530712532,0.9762504936564125
9,-87.0,87.0,159.8058968058968,0.9733217421754432
10,-76.0,76.0,140.86732186732186,0.9704017769489168
11,-95.0,95.0,143.84029484029483,0.9674905716180701
12,-63.0,63.0,153.9090909090909,0.9645880999032158
13,-70.0,70.0,153.60933660933662,0.9616943356035061
14,-57.0,57.0,149.7125307125307,0.9588092525966956
15,-68.0,68.0,134.57248157248156,0.9559328248389055
16,-63.0,63.0,153.57985257985257,0.9530650263643888
17,-64.0,64.0,147.94840294840296,0.9502058312852957
18,-73.0,73.0,138.26781326781327,0.9473552137914398
19,-74.0,74.0,152.95331695331694,0.9445131481500655
20,-78.0,78.0,132.35135135135135,0.9416796087056153
21,-77.0,77.0,153.1031941031941,0.9388545698794984
22,-73.0,73.0,156.2997542997543,0.93603800616986
23,-70.0,70.0,138.16953316953317,0.9332298921513504
24,-80.0,80.0,156.87469287469287,0.9304302024748964
25,-88.0,88.0,165.8108108108108,0.9276389118674717
26,-61.0,61.0,150.54299754299754,0.9248559951318693
27,-53.0,53.0,140.15479115479116,0.9220814271464737
28,-74.0,74.0,133.56511056511056,0.9193151828650342
29,-74.0,74.0,140.84520884520884,0.9165572373164391
30,-67.0,67.0,139.0909090909091,0.9138075656044898
31,-79.0,79.0,136.3783783783784,0.9110661429076764
32,-67.0,67.0,134.9164619164619,0.9083329444789534
33,-79.0,79.0,128.997542997543,0.9056079456455165
34,-72.0,72.0,141.1007371007371,0.90289112180858
35,-55.0,55.0,141.96560196560196,0.9001824484431542
36,-59.0,59.0,152.74692874692875,0.8974819010978248
37,-74.0,74.0,150.69287469287468,0.8947894553945313
38,-59.0,59.0,135.87223587223588,0.8921050870283477
39,-83.0,83.0,158.33906633906633,0.8894287717672626
40,-60.0,60.0,141.44717444717443,0.8867604854519608
41,-61.0,61.0,137.94348894348894,0.884100203995605
42,-78.0,78.0,138.2997542997543,0.8814479033836181
43,-65.0,65.0,145.3931203931204,0.8788035596734672
44,-50.0,50.0,135.46437346437347,0.8761671489944468
45,-68.0,68.0,128.0982800982801,0.8735386475474635
46,-63.0,63.0,142.35135135135135,0.8709180316048211
47,-57.0,57.0,118.94594594594595,0.8683052775100066
48,-68.0,68.0,139.33660933660934,0.8657003616774767
49,-56.0,56.0,143.75184275184276,0.8631032605924442
50,-73.0,73.0,138.22604422604422,0.860513950810667
51,-75.0,75.0,137.73710073710075,0.857932408958235
52,-61.0,61.0,134.41277641277642,0.8553586117313603
53,-86.0,86.0,145.992628992629,0.8527925358961662
54,-63.0,63.0,126.9090909090909,0.8502341582884777
55,-57.0,57.0,139.72235872235873,0.8476834558136123
56,-63.0,63.0,133.98034398034397,0.8451404054461714
57,-76.0,76.0,142.97542997543,0.8426049842298329
58,-70.0,70.0,140.66093366093367,0.8400771692771434
59,-69.0,69.0,138.06633906633905,0.837556937769312
60,-65.0,65.0,139.07616707616708,0.835044266956004
61,-84.0,84.0,131.8992628992629,0.8325391341551359
62,-56.0,56.0,134.6019656019656,0.8300415167526705
63,-57.0,57.0,130.46437346437347,0.8275513922024125
64,-74.0,74.0,151.4103194103194,0.8250687380258053
65,-59.0,59.0,126.21621621621621,0.8225935318117279
66,-64.0,64.0,133.46683046683046,0.8201257512162927
67,-65.0,65.0,138.28992628992629,0.8176653739626438
68,-87.0,87.0,132.23095823095824,0.8152123778407558
69,-54.0,54.0,131.3120393120393,0.8127667407072335
70,-64.0,64.0,132.96314496314497,0.8103284404851119
71,-83.0,83.0,134.21621621621622,0.8078974551636565
72,-76.0,76.0,125.32678132678133,0.8054737627981655
73,-87.0,87.0,132.30712530712532,0.803057341509771
74,-74.0,74.0,128.86977886977888,0.8006481694852418
75,-58.0,58.0,127.7002457002457,0.798246224976786
76,-64.0,64.0,128.8869778869779,0.7958514863018556
77,-59.0,59.0,132.57248157248156,0.79346393184295
78,-59.0,59.0,116.3022113022113,0.7910835400474212
79,-46.0,46.0,133.30712530712532,0.7887102894272789
80,-55.0,55.0,118.12776412776412,0.7863441585589971
81,-51.0,51.0,135.6977886977887,0.78398512608332
82,-41.0,41.0,110.24078624078624,0.7816331707050701
83,-63.0,63.0,152.71007371007371,0.7792882711929549
84,-50.0,50.0,119.01719901719902,0.776950406379376
85,-57.0,57.0,133.44717444717443,0.7746195551602378
86,-64.0,64.0,124.1007371007371,0.7722956964947572
87,-68.0,68.0,115.05651105651106,0.7699788094052729
88,-73.0,73.0,116.13759213759214,0.767668872977057
89,-45.0,45.0,107.4004914004914,0.7653658663581259
90,-50.0,50.0,127.7051597051597,0.7630697687590515
91,-55.0,55.0,128.93857493857493,0.7607805594527743
92,-54.0,54.0,116.004914004914,0.7584982177744161
93,-63.0,63.0,129.8108108108108,0.7562227231210928
94,-65.0,65.0,133.76412776412778,0.7539540549517295
95,-53.0,53.0,110.67813267813268,0.7516921927868743
96,-54.0,54.0,144.26781326781327,0.7494371162085136
97,-58.0,58.0,123.73464373464374,0.747188804859888
98,-48.0,48.0,133.33906633906633,0.7449472384453084
99,-43.0,43.0,130.48648648648648,0.7427123967299725
100,-72.0,72.0,136.5085995085995,0.7404842595397826
101,-53.0,53.0,112.4987714987715,0.7382628067611632
102,-50.0,50.0,121.77149877149877,0.7360480183408797
103,-55.0,55.0,117.9017199017199,0.7338398742858571
104,-50.0,50.0,117.10810810810811,0.7316383546629995
105,-50.0,50.0,117.95823095823096,0.7294434395990105
106,-64.0,64.0,136.28501228501227,0.7272551092802134
107,-68.0,68.0,127.58476658476658,0.7250733439523728
108,-67.0,67.0,121.54299754299754,0.7228981239205157
109,-69.0,69.0,132.33906633906633,0.7207294295487541
110,-32.0,32.0,108.57985257985258,0.7185672412601078
111,-44.0,44.0,114.65110565110565,0.7164115395363275
112,-57.0,57.0,127.33169533169533,0.7142623049177186
113,-58.0,58.0,118.24078624078624,0.7121195180029655
114,-53.0,53.0,114.06388206388206,0.7099831594489566
115,-72.0,72.0,125.48648648648648,0.7078532099706097
116,-62.0,62.0,120.35626535626535,0.7057296503406979
117,-66.0,66.0,113.1007371007371,0.7036124613896758
118,-60.0,60.0,125.67813267813268,0.7015016240055068
119,-63.0,63.0,121.63390663390663,0.6993971191334902
120,-58.0,58.0,122.87714987714988,0.6972989277760897
121,-64.0,64.0,143.25061425061426,0.6952070309927615
122,-58.0,58.0,126.42260442260442,0.6931214098997832
123,-51.0,51.0,125.99017199017199,0.6910420456700839
124,-56.0,56.0,119.85012285012284,0.6889689195330736
125,-67.0,67.0,111.25552825552826,0.6869020127744744
126,-55.0,55.0,121.76412776412776,0.684841306736151
127,-42.0,42.0,105.14004914004914,0.6827867828159425
128,-66.0,66.0,128.75675675675674,0.6807384224674947
129,-48.0,48.0,99.34398034398035,0.6786962072000923
130,-52.0,52.0,117.98280098280098,0.676660118578492
131,-57.0,57.0,114.17199017199017,0.6746301382227565
132,-63.0,63.0,120.57493857493857,0.6726062478080883
133,-26.0,26.0,99.33660933660934,0.6705884290646641
134,-50.0,50.0,115.42014742014742,0.66857666377747
135,-67.0,67.0,131.13267813267814,0.6665709337861376
136,-62.0,62.0,136.77395577395578,0.6645712209847792
137,-62.0,62.0,127.21621621621621,0.6625775073218249
138,-35.0,35.0,128.49631449631448,0.6605897747998594
139,-49.0,49.0,111.3071253071253,0.6586080054754598
140,-59.0,59.0,120.81326781326781,0.6566321814590335
141,-57.0,57.0,117.55773955773955,0.6546622849146564
142,-54.0,54.0,124.6068796068796,0.6526982980599124
143,-54.0,54.0,118.71253071253071,0.6507402031657327
144,-55.0,55.0,107.82800982800983,0.6487879825562355
145,-68.0,68.0,125.47174447174447,0.6468416186085668
146,-52.0,52.0,113.29729729729729,0.6449010937527411
147,-74.0,74.0,122.26044226044226,0.6429663904714829
148,-66.0,66.0,124.95085995085995,0.6410374913000684
149,-57.0,57.0,119.95577395577395,0.6391143788261682
150,-33.0,33.0,98.43243243243244,0.6371970356896897
151,-62.0,62.0,125.13267813267814,0.6352854445826206
152,-27.0,27.0,109.2088452088452,0.6333795882488727
153,-41.0,41.0,115.43980343980344,0.6314794494841262
154,-43.0,43.0,111.04914004914005,0.6295850111356738
155,-51.0,51.0,111.24570024570025,0.6276962561022668
156,-57.0,57.0,122.21621621621621,0.62581316733396
157,-56.0,56.0,117.61670761670761,0.623935727831958
158,-39.0,39.0,105.5995085995086,0.6220639206484622
159,-39.0,39.0,114.87223587223588,0.6201977288865168
160,-49.0,49.0,113.43488943488944,0.6183371356998573
161,-36.0,36.0,104.8943488943489,0.6164821242927577
162,-46.0,46.0,113.52825552825553,0.6146326779198794
163,-37.0,37.0,117.67321867321867,0.6127887798861198
164,-52.0,52.0,112.59213759213759,0.6109504135464614
165,-64.0,64.0,118.997542997543,0.609117562305822
166,-68.0,68.0,127.31941031941032,0.6072902096189046
167,-52.0,52.0,118.46928746928747,0.6054683389900478
168,-39.0,39.0,119.32923832923834,0.6036519339730777
169,-66.0,66.0,123.66093366093367,0.6018409781711584
170,-49.0,49.0,112.64127764127764,0.6000354552366449
171,-39.0,39.0,111.01474201474201,0.598235348870935
172,-66.0,66.0,112.74201474201475,0.5964406428243222
173,-40.0,40.0,114.14742014742015,0.5946513208958493
174,-51.0,51.0,110.71253071253071,0.5928673669331617
175,-42.0,42.0,105.28255528255528,0.5910887648323622
176,-47.0,47.0,109.2039312039312,0.5893154985378651
177,-43.0,43.0,103.93611793611794,0.5875475520422515
178,-58.0,58.0,111.12776412776412,0.5857849093861247
179,-41.0,41.0,111.84275184275184,0.5840275546579663
180,-45.0,45.0,106.83538083538083,0.5822754719939924
181,-40.0,40.0,107.78132678132678,0.5805286455780104
182,-38.0,38.0,107.05896805896806,0.5787870596412764
183,-49.0,49.0,117.33169533169533,0.5770506984623526
184,-35.0,35.0,115.43243243243244,0.5753195463669655
185,-42.0,42.0,113.21867321867322,0.5735935877278646
186,-41.0,41.0,103.27764127764128,0.571872806964681
187,-31.0,31.0,109.5036855036855,0.5701571885437869
188,-47.0,47.0,111.83538083538083,0.5684467169781556
189,-54.0,54.0,114.77395577395578,0.5667413768272211
190,-46.0,46.0,121.38820638820638,0.5650411526967395
191,-44.0,44.0,113.42997542997543,0.5633460292386493
192,-43.0,43.0,99.68796068796068,0.5616559911509333
193,-36.0,36.0,101.9090909090909,0.5599710231774805
194,-35.0,35.0,110.07371007371007,0.5582911101079481
195,-42.0,42.0,116.04668304668304,0.5566162367776242
196,-61.0,61.0,110.77886977886978,0.5549463880672914
197,-54.0,54.0,104.3980343980344,0.5532815489030894
198,-30.0,30.0,101.47665847665847,0.5516217042563801
199,-37.0,37.0,101.4914004914005,0.549966839143611
200,-46.0,46.0,105.5085995085995,0.5483169386261801
201,-58.0,58.0,127.83538083538083,0.5466719878103016
202,-40.0,40.0,88.82555282555282,0.5450319718468707
203,-52.0,52.0,111.07616707616708,0.5433968759313301
204,-44.0,44.0,110.5085995085995,0.5417666853035361
205,-33.0,33.0,102.37837837837837,0.5401413852476254
206,-38.0,38.0,103.1056511056511,0.5385209610918825
207,-38.0,38.0,104.55773955773955,0.5369053982086068
208,-31.0,31.0,111.06879606879608,0.535294682013981
209,-39.0,39.0,103.65110565110565,0.5336887979679391
210,-42.0,42.0,106.12285012285012,0.5320877315740353
211,-36.0,36.0,101.51351351351352,0.5304914683793133
212,-47.0,47.0,96.4054054054054,0.5288999939741753
213,-57.0,57.0,125.19164619164619,0.5273132939922528
214,-48.0,48.0,114.1056511056511,0.525731354110276
215,-54.0,54.0,118.44963144963145,0.5241541600479452
216,-47.0,47.0,117.1990171990172,0.5225816975678014
217,-53.0,53.0,105.88697788697789,0.521013952475098
218,-37.0,37.0,110.60933660933661,0.5194509106176727
219,-34.0,34.0,109.17936117936118,0.5178925578858197
220,-32.0,32.0,101.95577395577395,0.5163388802121622
221,-47.0,47.0,110.75921375921376,0.5147898635715258
222,-63.0,63.0,136.3046683046683,0.5132454939808112
223,-39.0,39.0,106.6019656019656,0.5117057574988688
224,-35.0,35.0,91.61670761670761,0.5101706402263723
225,-37.0,37.0,97.64619164619165,0.5086401283056932
226,-31.0,31.0,101.64127764127764,0.5071142079207761
227,-41.0,41.0,110.6019656019656,0.5055928652970137
228,-41.0,41.0,100.65356265356266,0.5040760867011227
229,-32.0,32.0,109.3980343980344,0.5025638584410194
230,-37.0,37.0,103.4029484029484,0.5010561668656963
231,-32.0,32.0,113.98280098280098,0.49955299836509925
232,-39.0,39.0,109.83783783783784,0.49805433937000393
233,-34.0,34.0,106.38820638820638,0.4965601763518939
234,-39.0,39.0,109.97297297297297,0.49507049582283824
235,-37.0,37.0,108.21375921375922,0.49358528433536975
236,-37.0,37.0,112.26289926289927,0.49210452848236363
237,-34.0,34.0,94.95823095823096,0.49062821489691655
238,-39.0,39.0,114.77149877149877,0.4891563302522258
239,-29.0,29.0,109.91400491400492,0.48768886126146915
240,-47.0,47.0,104.58230958230958,0.48622579467768473
241,-41.0,41.0,101.43980343980344,0.4847671172936517
242,-31.0,31.0,97.35872235872236,0.4833128159417707
243,-53.0,53.0,104.76658476658477,0.4818628774939454
244,-34.0,34.0,92.78378378378379,0.48041728886146357
245,-43.0,43.0,111.91646191646191,0.4789760369948792
246,-56.0,56.0,114.32186732186732,0.47753910888389456
247,-37.0,37.0,103.15479115479116,0.4761064915572429
248,-38.0,38.0,111.04914004914005,0.4746781720825711
249,-38.0,38.0,103.51351351351352,0.4732541375663234
250,-40.0,40.0,107.16216216216216,0.4718343751536244
251,-41.0,41.0,106.02457002457002,0.47041887202816357
252,-39.0,39.0,104.25552825552826,0.4690076154120791
253,-35.0,35.0,93.36855036855037,0.46760059256584285
254,-59.0,59.0,118.92137592137593,0.4661977907881453
255,-38.0,38.0,113.64127764127764,0.4647991974157809
256,-43.0,43.0,104.9066339066339,0.46340479982353355
257,-34.0,34.0,100.98280098280098,0.46201458542406293
258,-33.0,33.0,101.87223587223588,0.4606285416677907
259,-33.0,33.0,107.23095823095824,0.45924665604278736
260,-37.0,37.0,101.997542997543,0.457868916074659
261,-35.0,35.0,104.48402948402948,0.45649530932643506
262,-31.0,31.0,96.56019656019656,0.45512582339845575
263,-33.0,33.0,96.72972972972973,0.45376044592826037
264,-28.0,28.0,96.01965601965603,0.4523991645904756
265,-33.0,33.0,109.87469287469287,0.45104196709670413
266,-45.0,45.0,104.66339066339066,0.449688841195414
267,-29.0,29.0,109.4914004914005,0.4483397746718278
268,-35.0,35.0,99.33906633906633,0.4469947553478123
269,-41.0,41.0,109.70270270270271,0.44565377108176885
270,-30.0,30.0,107.76904176904176,0.44431680976852356
271,-36.0,36.0,110.25307125307125,0.44298385933921797
272,-37.0,37.0,106.87714987714988,0.4416549077612003
273,-23.0,23.0,96.11793611793611,0.4403299430379167
274,-29.0,29.0,102.41031941031942,0.43900895320880295
275,-30.0,30.0,99.77886977886978,0.43769192634917653
276,-30.0,30.0,101.2039312039312,0.436378850570129
277,-35.0,35.0,106.40786240786241,0.4350697140184186
278,-30.0,30.0,105.08845208845209,0.43376450487636337
279,-26.0,26.0,90.73710073710073,0.43246321136173427
280,-29.0,29.0,99.02211302211302,0.43116582172764906
281,-28.0,28.0,101.6019656019656,0.42987232426246613
282,-24.0,24.0,88.97542997542998,0.42858270728967873
283,-36.0,36.0,98.74201474201475,0.4272969591678097
284,-28.0,28.0,89.8992628992629,0.4260150682903063
285,-40.0,40.0,107.004914004914,0.4247370230854354
286,-44.0,44.0,102.25307125307125,0.4234628120161791
287,-34.0,34.0,99.17690417690417,0.42219242358013054
288,-48.0,48.0,102.86240786240786,0.4209258463093902
289,-43.0,43.0,106.992628992629,0.419663068770462
290,-37.0,37.0,93.32432432432432,0.4184040795641506
291,-34.0,34.0,97.33906633906633,0.41714886732545814
292,-27.0,27.0,93.57739557739558,0.41589742072348174
293,-34.0,34.0,96.83783783783784,0.4146497284613113
294,-44.0,44.0,100.16953316953317,0.41340577927592737
295,-29.0,29.0,99.03931203931204,0.41216556193809956
296,-31.0,31.0,104.40786240786241,0.41092906525228523
297,-30.0,30.0,96.73955773955774,0.40969627805652836
298,-38.0,38.0,98.52579852579852,0.40846718922235875
299,-35.0,35.0,98.1965601965602,0.40724178765469166
300,-31.0,31.0,99.61670761670761,0.4060200622917276
301,-48.0,48.0,105.56019656019656,0.4048020021048524
302,-28.0,28.0,99.21375921375922,0.40358759609853784
303,-26.0,26.0,98.7051597051597,0.4023768333102422
304,-30.0,30.0,92.33906633906633,0.4011697028103115
305,-39.0,39.0,102.31203931203932,0.3999661937018806
306,-24.0,24.0,81.987714987715,0.39876629512077494
307,-23.0,23.0,93.28746928746929,0.3975699962354126
308,-27.0,27.0,92.13513513513513,0.3963772862467064
309,-26.0,26.0,102.16461916461917,0.39518815438796623
310,-36.0,36.0,98.48157248157248,0.3940025899248023
311,-25.0,25.0,89.77886977886978,0.3928205821550279
312,-47.0,47.0,98.12776412776412,0.39164212040856283
313,-31.0,31.0,97.09582309582309,0.39046719404733715
314,-21.0,21.0,92.59213759213759,0.38929579246519513
315,-40.0,40.0,104.32678132678133,0.38812790508779954
316,-29.0,29.0,91.72727272727273,0.38696352137253615
317,-31.0,31.0,98.06879606879608,0.38580263080841853
318,-21.0,21.0,100.55282555282555,0.3846452229159933
319,-49.0,49.0,117.72727272727273,0.3834912872472453
320,-33.0,33.0,97.22358722358722,0.3823408133855036
321,-35.0,35.0,99.94594594594595,0.38119379094534706
322,-25.0,25.0,91.57493857493857,0.380050209572511
323,-31.0,31.0,96.04422604422605,0.3789100589437935
324,-43.0,43.0,96.82309582309583,0.3777733287669621
325,-41.0,41.0,104.87714987714988,0.37664000878066123
326,-45.0,45.0,105.35380835380835,0.37551008875431924
327,-30.0,30.0,91.37346437346437,0.37438355848805627
328,-42.0,42.0,104.34643734643734,0.3732604078125921
329,-27.0,27.0,98.64619164619165,0.37214062658915437
330,-19.0,19.0,88.5945945945946,0.3710242047093869
331,-40.0,40.0,111.47665847665847,0.3699111320952587
332,-32.0,32.0,96.17936117936118,0.36880139869897294
333,-19.0,19.0,95.16953316953317,0.367694994502876
334,-27.0,27.0,91.33169533169533,0.3665919095193674
335,-32.0,32.0,106.33660933660934,0.36549213379080925
336,-26.0,26.0,93.30466830466831,0.3643956573894368
337,-20.0,20.0,90.84275184275184,0.3633024704172685
338,-22.0,22.0,93.07862407862407,0.3622125630060167
339,-24.0,24.0,95.2039312039312,0.3611259253169986
340,-26.0,26.0,96.997542997543,0.3600425475410476
341,-24.0,24.0,87.75184275184276,0.3589624198984244
342,-33.0,33.0,100.91891891891892,0.35788553263872913
343,-38.0,38.0,101.52334152334153,0.35681187604081294
344,-22.0,22.0,92.13267813267814,0.3557414404126905
345,-27.0,27.0,87.38574938574939,0.35467421609145244
346,-29.0,29.0,92.85995085995086,0.35361019344317807
347,-27.0,27.0,93.53316953316953,0.35254936286284855
348,-20.0,20.0,88.9017199017199,0.35149171477426
349,-37.0,37.0,95.33415233415234,0.3504372396299372
350,-35.0,35.0,95.30958230958231,0.3493859279110474
351,-27.0,27.0,96.87960687960688,0.34833777012731426
352,-24.0,24.0,97.12039312039312,0.34729275681693234
353,-26.0,26.0,87.42260442260442,0.3462508785464815
354,-29.0,29.0,98.34643734643734,0.34521212591084205
355,-26.0,26.0,96.5995085995086,0.34417648953310953
356,-23.0,23.0,92.52088452088452,0.3431439600645102
357,-24.0,24.0,102.56019656019656,0.34211452818431665
358,-22.0,22.0,96.98525798525799,0.3410881845997637
359,-33.0,33.0,105.26289926289927,0.3400649200459644
360,-24.0,24.0,92.78132678132678,0.3390447252858265
361,-36.0,36.0,107.95085995085995,0.33802759110996905
362,-33.0,33.0,105.50614250614251,0.3370135083366391
363,-45.0,45.0,99.84275184275184,0.3360024678116292
364,-27.0,27.0,89.25552825552826,0.3349944604081943
365,-28.0,28.0,92.7911547911548,0.33398947702696974
366,-29.0,29.0,102.62162162162163,0.3329875085958888
367,-30.0,30.0,92.18181818181819,0.33198854607010114
368,-22.0,22.0,95.61179361179362,0.33099258043189084
369,-26.0,26.0,92.5945945945946,0.32999960269059514
370,-26.0,26.0,97.47174447174447,0.32900960388252337
371,-28.0,28.0,94.1031941031941,0.3280225750708758
372,-19.0,19.0,84.74938574938575,0.32703850734566314
373,-20.0,20.0,83.22604422604422,0.32605739182362614
374,-52.0,52.0,109.57493857493857,0.3250792196481553
375,-26.0,26.0,100.1056511056511,0.3241039819892108
376,-35.0,35.0,104.13022113022113,0.32313167004324317
377,-25.0,25.0,91.3931203931204,0.32216227503311345
378,-17.0,17.0,85.32678132678133,0.3211957882080141
379,-24.0,24.0,93.98525798525799,0.32023220084339005
380,-24.0,24.0,94.31695331695332,0.31927150424085987
381,-25.0,25.0,89.44226044226045,0.3183136897281373
382,-36.0,36.0,93.67567567567568,0.31735874865895286
383,-33.0,33.0,96.11302211302211,0.316406672412976
384,-30.0,30.0,91.52334152334153,0.3154574523957371
385,-19.0,19.0,90.35626535626535,0.3145110800385499
386,-26.0,26.0,107.16216216216216,0.31356754679843424
387,-25.0,25.0,92.55036855036855,0.31262684415803893
388,-27.0,27.0,90.03685503685503,0.3116889636255648
389,-15.0,15.0,88.73218673218673,0.3107538967346881
390,-13.0,13.0,89.97051597051598,0.30982163504448407
391,-36.0,36.0,99.68058968058968,0.3088921701393506
392,-24.0,24.0,87.93611793611794,0.30796549362893255
393,-34.0,34.0,95.75921375921376,0.30704159714804574
394,-46.0,46.0,98.12776412776412,0.3061204723566016
395,-24.0,24.0,84.81572481572482,0.3052021109395318
396,-28.0,28.0,94.06142506142506,0.3042865046067132
397,-28.0,28.0,96.1990171990172,0.30337364509289305
398,-36.0,36.0,92.97297297297297,0.30246352415761435
399,-33.0,33.0,106.04176904176904,0.3015561335851415
400,-21.0,21.0,92.3022113022113,0.30065146518438607
401,-28.0,28.0,95.55528255528256,0.2997495107888329
402,-30.0,30.0,92.06142506142506,0.2988502622564664
403,-30.0,30.0,94.69533169533169,0.29795371146969696
404,-34.0,34.0,95.43243243243244,0.29705985033528787
405,-17.0,17.0,80.5085995085995,0.296168670784282
406,-25.0,25.0,89.14250614250614,0.29528016477192914
407,-38.0,38.0,100.55282555282555,0.29439432427761336
408,-34.0,34.0,94.1990171990172,0.2935111413047805
409,-40.0,40.0,98.82800982800983,0.29263060788086614
410,-19.0,19.0,93.6977886977887,0.2917527160572235
411,-26.0,26.0,91.44226044226045,0.29087745790905184
412,-33.0,33.0,98.25307125307125,0.2900048255353247
413,-15.0,15.0,90.19164619164619,0.28913481105871874
414,-32.0,32.0,89.47174447174447,0.28826740662554257
415,-30.0,30.0,96.86977886977887,0.28740260440566595
416,-27.0,27.0,91.5085995085995,0.28654039659244895
417,-19.0,19.0,85.68058968058968,0.2856807754026716
418,-31.0,31.0,93.16953316953317,0.2848237330764636
419,-26.0,26.0,82.85749385749386,0.2839692618772342
420,-38.0,38.0,86.74201474201475,0.2831173540916025
421,-35.0,35.0,90.27272727272727,0.28226800202932767
422,-30.0,30.0,93.3022113022113,0.28142119802323967
423,-23.0,23.0,92.04668304668304,0.28057693442917
424,-26.0,26.0,88.13022113022113,0.27973520362588244
425,-37.0,37.0,86.17444717444718,0.2788959980150048
426,-23.0,23.0,91.2014742014742,0.2780593100209598
427,-25.0,25.0,90.42506142506143,0.2772251320908969
428,-28.0,28.0,90.997542997543,0.2763934566946242
429,-37.0,37.0,106.71990171990171,0.2755642763245403
430,-30.0,30.0,103.87960687960688,0.27473758349556665
431,-35.0,35.0,101.58476658476658,0.27391337074507993
432,-26.0,26.0,95.53562653562653,0.2730916306328447
433,-22.0,22.0,89.25061425061425,0.27227235574094616
434,-28.0,28.0,83.18673218673219,0.2714555386737233
435,-35.0,35.0,98.02211302211302,0.2706411720577021
436,-23.0,23.0,85.48648648648648,0.269829248541529
437,-24.0,24.0,92.67076167076166,0.2690197607959044
438,-29.0,29.0,92.66093366093367,0.26821270151351667
439,-18.0,18.0,87.62653562653563,0.2674080634089761
440,-24.0,24.0,97.23832923832924,0.2666058392187492
441,-22.0,22.0,88.18181818181819,0.26580602170109296
442,-27.0,27.0,89.52825552825553,0.26500860363598966
443,-23.0,23.0,83.25307125307125,0.2642135778250817
444,-25.0,25.0,94.1007371007371,0.26342093709160647
445,-32.0,32.0,96.98280098280098,0.26263067428033166
446,-21.0,21.0,93.72972972972973,0.26184278225749064
447,-26.0,26.0,92.07616707616708,0.26105725391071816
448,-20.0,20.0,90.20638820638821,0.260274082148986
449,-38.0,38.0,91.5995085995086,0.2594932599025391
450,-22.0,22.0,83.74447174447174,0.25871478012283144
451,-29.0,29.0,91.41523341523342,0.25793863578246295
452,-26.0,26.0,93.04176904176904,0.2571648198751156
453,-33.0,33.0,97.3980343980344,0.25639332541549026
454,-25.0,25.0,97.17936117936118,0.2556241454392438
455,-26.0,26.0,85.34398034398035,0.25485727300292604
456,-29.0,29.0,95.01474201474201,0.25409270118391725
457,-36.0,36.0,98.53071253071253,0.2533304230803655
458,-35.0,35.0,101.16461916461917,0.25257043181112443
459,-28.0,28.0,96.31203931203932,0.25181272051569104
460,-34.0,34.0,95.85995085995086,0.251057282354144
461,-29.0,29.0,94.57248157248158,0.25030411050708157
462,-22.0,22.0,89.6977886977887,0.24955319817556032
463,-36.0,36.0,98.68058968058968,0.24880453858103363
464,-24.0,24.0,88.68550368550369,0.24805812496529053
465,-18.0,18.0,89.62407862407862,0.24731395059039465
466,-33.0,33.0,95.4987714987715,0.24657200873862348
467,-22.0,22.0,95.31941031941032,0.2458322927124076
468,-23.0,23.0,87.8894348894349,0.24509479583427038
469,-31.0,31.0,99.43243243243244,0.24435951144676757
470,-40.0,40.0,101.85012285012284,0.24362643291242728
471,-14.0,14.0,91.0933660933661,0.24289555361369
472,-26.0,26.0,97.03194103194103,0.24216686695284892
473,-35.0,35.0,99.77149877149877,0.24144036635199037
474,-21.0,21.0,87.91891891891892,0.24071604525293439
475,-19.0,19.0,87.0982800982801,0.2399938971171756
476,-26.0,26.0,92.47420147420148,0.23927391542582405
477,-22.0,22.0,90.2997542997543,0.23855609367954658
478,-30.0,30.0,92.5085995085995,0.23784042539850794
479,-27.0,27.0,97.28009828009829,0.2371269041223124
480,-26.0,26.0,85.23341523341523,0.23641552340994548
481,-23.0,23.0,80.7960687960688,0.23570627683971565
482,-25.0,25.0,88.995085995086,0.2349991580091965
483,-26.0,26.0,97.85257985257985,0.2342941605351689
484,-24.0,24.0,87.34643734643734,0.23359127805356342
485,-22.0,22.0,92.58722358722359,0.23289050421940272
486,-24.0,24.0,84.69041769041769,0.2321918327067445
487,-27.0,27.0,92.01965601965603,0.23149525720862427
488,-23.0,23.0,93.96560196560196,0.2308007714369984
489,-32.0,32.0,96.6068796068796,0.2301083691226874
490,-20.0,20.0,92.05405405405405,0.22941804401531934
491,-31.0,31.0,93.01719901719902,0.2287297898832734
492,-29.0,29.0,92.31941031941032,0.22804360051362357
493,-21.0,21.0,86.74938574938575,0.2273594697120827
494,-20.0,20.0,87.91646191646191,0.22667739130294645
495,-24.0,24.0,88.72481572481573,0.22599735912903762
496,-22.0,22.0,82.37837837837837,0.2253193670516505
497,-31.0,31.0,99.21375921375922,0.22464340895049556
498,-24.0,24.0,91.9090909090909,0.22396947872364406
499,-19.0,19.0,84.6068796068796,0.22329757028747313
500,-26.0,26.0,91.7960687960688,0.2226276775766107
501,-29.0,29.0,90.76658476658477,0.22195979454388087
502,-33.0,33.0,90.987714987715,0.22129391516024924
503,-24.0,24.0,86.95331695331696,0.2206300334147685
504,-26.0,26.0,90.48648648648648,0.2199681433145242
505,-28.0,28.0,92.56756756756756,0.21930823888458062
506,-21.0,21.0,87.03439803439804,0.21865031416792688
507,-27.0,27.0,90.73218673218673,0.2179943632254231
508,-20.0,20.0,86.83783783783784,0.21734038013574683
509,-40.0,40.0,100.94594594594595,0.21668835899533959
510,-19.0,19.0,80.63636363636364,0.21603829391835358
511,-30.0,30.0,99.06142506142506,0.21539017903659852
512,-19.0,19.0,89.18673218673219,0.21474400849948871
513,-26.0,26.0,93.78378378378379,0.21409977647399026
514,-22.0,22.0,85.72972972972973,0.21345747714456828
515,-22.0,22.0,83.86240786240786,0.21281710471313459
516,-17.0,17.0,85.8992628992629,0.2121786533989952
517,-15.0,15.0,83.54054054054055,0.2115421174387982
518,-25.0,25.0,88.68550368550369,0.2109074910864818
519,-18.0,18.0,82.1056511056511,0.21027476861322236
520,-22.0,22.0,84.85012285012284,0.2096439443073827
521,-20.0,20.0,80.7985257985258,0.20901501247446055
522,-20.0,20.0,86.78624078624078,0.20838796743703716
523,-25.0,25.0,92.02948402948402,0.20776280353472606
524,-18.0,18.0,87.67321867321867,0.20713951512412188
525,-28.0,28.0,95.86240786240786,0.2065180965787495
526,-23.0,23.0,91.67813267813268,0.20589854228901325
527,-26.0,26.0,85.96314496314497,0.20528084666214622
528,-18.0,18.0,84.05159705159706,0.20466500412215977
529,-19.0,19.0,88.08108108108108,0.2040510091097933
530,-20.0,20.0,85.4054054054054,0.2034388560824639
531,-23.0,23.0,85.0909090909091,0.2028285395142165
532,-28.0,28.0,94.31203931203932,0.20222005389567385
533,-24.0,24.0,83.76167076167076,0.20161339373398682
534,-24.0,24.0,92.1891891891892,0.20100855355278485
535,-22.0,22.0,89.15970515970515,0.20040552789212648
536,-23.0,23.0,85.52579852579852,0.1998043113084501
537,-21.0,21.0,86.1007371007371,0.19920489837452476
538,-21.0,21.0,85.94594594594595,0.1986072836794012
539,-23.0,23.0,91.8108108108108,0.198011461828363
540,-22.0,22.0,84.44226044226045,0.1974174274428779
541,-38.0,38.0,98.93857493857494,0.19682517516054926
542,-25.0,25.0,83.11547911547912,0.19623469963506762
543,-27.0,27.0,82.35380835380835,0.1956459955361624
544,-41.0,41.0,93.74201474201475,0.1950590575495539
545,-20.0,20.0,85.5945945945946,0.19447388037690524
546,-27.0,27.0,84.29238329238329,0.19389045873577454
547,-33.0,33.0,96.01719901719902,0.19330878735956722
548,-21.0,21.0,85.71744471744472,0.1927288609974885
549,-27.0,27.0,85.66339066339066,0.19215067441449604
550,-21.0,21.0,88.71498771498771,0.19157422239125255
551,-21.0,21.0,87.92628992628993,0.1909994997240788
552,-20.0,20.0,83.78624078624078,0.19042650122490654
553,-30.0,30.0,93.2948402948403,0.18985522172123181
554,-27.0,27.0,87.34889434889435,0.18928565605606812
555,-23.0,23.0,89.94594594594595,0.1887177990878999
556,-23.0,23.0,91.8894348894349,0.1881516456906362
557,-27.0,27.0,89.94840294840294,0.18758719075356428
558,-23.0,23.0,90.25061425061425,0.18702442918130358
559,-25.0,25.0,104.25061425061425,0.18646335589375967
560,-31.0,31.0,96.52088452088452,0.1859039658260784
561,-23.0,23.0,88.14004914004914,0.18534625392860016
562,-29.0,29.0,90.30466830466831,0.18479021516681435
563,-21.0,21.0,86.42997542997543,0.1842358445213139
564,-19.0,19.0,92.57739557739558,0.18368313698774996
565,-20.0,20.0,86.76412776412776,0.1831320875767867
566,-25.0,25.0,97.72727272727273,0.18258269131405633
567,-26.0,26.0,94.24324324324324,0.18203494324011416
568,-22.0,22.0,98.50614250614251,0.18148883841039382
569,-27.0,27.0,94.17690417690417,0.18094437189516263
570,-26.0,26.0,100.21621621621621,0.18040153877947715
571,-32.0,32.0,96.53808353808354,0.1798603341631387
572,-20.0,20.0,92.45945945945945,0.1793207531606493
573,-24.0,24.0,93.86977886977887,0.17878279090116736
574,-16.0,16.0,91.14496314496314,0.17824644252846386
575,-20.0,20.0,88.36363636363636,0.17771170320087848
576,-23.0,23.0,92.70761670761671,0.17717856809127586
577,-27.0,27.0,90.3931203931204,0.17664703238700202
578,-24.0,24.0,87.4029484029484,0.17611709128984102
579,-19.0,19.0,86.74447174447174,0.1755887400159715
580,-25.0,25.0,89.72972972972973,0.1750619737959236
581,-16.0,16.0,87.82063882063882,0.1745367878745358
582,-21.0,21.0,97.16707616707616,0.1740131775109122
583,-31.0,31.0,96.36117936117937,0.17349113797837945
584,-25.0,25.0,94.16216216216216,0.17297066456444432
585,-17.0,17.0,84.94348894348894,0.172451752570751
586,-21.0,21.0,87.5970515970516,0.17193439731303872
587,-19.0,19.0,91.81572481572482,0.1714185941210996
588,-24.0,24.0,94.8108108108108,0.1709043383387363
589,-38.0,38.0,86.91154791154791,0.1703916253237201
590,-15.0,15.0,86.47911547911548,0.16988045044774894
591,-20.0,20.0,86.51842751842752,0.1693708090964057
592,-21.0,21.0,83.32432432432432,0.1688626966691165
593,-25.0,25.0,85.18673218673219,0.16835610857910915
594,-20.0,20.0,82.65356265356266,0.16785104025337183
595,-23.0,23.0,87.89189189189189,0.16734748713261172
596,-21.0,21.0,88.04914004914005,0.16684544467121387
597,-21.0,21.0,94.96560196560196,0.16634490833720023
598,-28.0,28.0,99.41277641277641,0.16584587361218864
599,-19.0,19.0,88.82800982800983,0.16534833599135207
600,-17.0,17.0,85.91646191646191,0.164852290983378
601,-26.0,26.0,94.05159705159706,0.16435773411042787
602,-25.0,25.0,88.1007371007371,0.1638646609080966
603,-18.0,18.0,79.74938574938575,0.1633730669253723
604,-20.0,20.0,86.69041769041769,0.16288294772459616
605,-20.0,20.0,86.31695331695332,0.16239429888142237
606,-26.0,26.0,86.987714987715,0.1619071159847781
607,-21.0,21.0,82.73218673218673,0.16142139463682378
608,-14.0,14.0,84.4914004914005,0.1609371304529133
609,-29.0,29.0,86.35380835380835,0.16045431906155455
610,-16.0,16.0,82.42751842751842,0.15997295610436987
611,-20.0,20.0,85.32186732186732,0.15949303723605676
612,-28.0,28.0,79.26535626535626,0.1590145581243486
613,-22.0,22.0,89.38329238329239,0.15853751444997555
614,-27.0,27.0,88.04422604422605,0.1580619019066256
615,-19.0,19.0,86.28746928746929,0.15758771620090573
616,-17.0,17.0,82.17444717444718,0.157114953052303
617,-14.0,14.0,90.0909090909091,0.1566436081931461
618,-32.0,32.0,99.39557739557739,0.15617367736856666
619,-27.0,27.0,87.64619164619165,0.15570515633646095
620,-22.0,22.0,82.13759213759214,0.15523804086745158
621,-23.0,23.0,81.03194103194103,0.15477232674484923
622,-26.0,26.0,94.27518427518427,0.15430800976461467
623,-23.0,23.0,86.48402948402948,0.15384508573532082
624,-31.0,31.0,84.36117936117937,0.15338355047811486
625,-17.0,17.0,85.22604422604422,0.15292339982668052
626,-29.0,29.0,92.15233415233415,0.15246462962720048
627,-24.0,24.0,83.87960687960688,0.15200723573831887
628,-17.0,17.0,87.12285012285012,0.15155121403110391
629,-20.0,20.0,84.46191646191646,0.1510965603890106
630,-18.0,18.0,84.58968058968058,0.15064327070784356
631,-21.0,21.0,88.46928746928747,0.15019134089572003
632,-24.0,24.0,82.75921375921376,0.14974076687303287
633,-25.0,25.0,92.41031941031942,0.14929154457241375
634,-22.0,22.0,87.37346437346437,0.14884366993869652
635,-18.0,18.0,89.89189189189189,0.14839713892888043
636,-25.0,25.0,83.34398034398035,0.14795194751209378
637,-28.0,28.0,90.85012285012284,0.1475080916695575
638,-24.0,24.0,82.96560196560196,0.14706556739454882
639,-21.0,21.0,87.54791154791155,0.14662437069236517
640,-19.0,19.0,81.42260442260442,0.14618449758028806
641,-15.0,15.0,85.11302211302211,0.1457459440875472
642,-16.0,16.0,83.66093366093367,0.14530870625528455
643,-15.0,15.0,82.67567567567568,0.1448727801365187
644,-24.0,24.0,93.02702702702703,0.14443816179610913
645,-14.0,14.0,86.03194103194103,0.1440048473107208
646,-26.0,26.0,92.44717444717445,0.14357283276878863
647,-28.0,28.0,83.3071253071253,0.14314211427048226
648,-28.0,28.0,89.3980343980344,0.1427126879276708
649,-19.0,19.0,81.14742014742015,0.1422845498638878
650,-24.0,24.0,89.86977886977887,0.14185769621429614
651,-19.0,19.0,84.55528255528256,0.14143212312565326
652,-27.0,27.0,93.51842751842752,0.1410078267562763
653,-32.0,32.0,88.81818181818181,0.14058480327600748
654,-28.0,28.0,83.65601965601965,0.14016304886617945
655,-27.0,27.0,83.43980343980344,0.1397425597195809
656,-14.0,14.0,80.96560196560196,0.13932333204042216
657,-25.0,25.0,92.18181818181819,0.1389053620443009
658,-36.0,36.0,103.43243243243244,0.138488645958168
659,-26.0,26.0,94.995085995086,0.1380731800202935
660,-18.0,18.0,84.80835380835381,0.13765896048023263
661,-17.0,17.0,80.1990171990172,0.13724598359879192
662,-19.0,19.0,89.65847665847666,0.13683424564799554
663,-26.0,26.0,86.0909090909091,0.13642374291105155
664,-30.0,30.0,91.15970515970515,0.1360144716823184
665,-27.0,27.0,94.5945945945946,0.13560642826727143
666,-24.0,24.0,83.40786240786241,0.1351996089824696
667,-17.0,17.0,89.88452088452088,0.1347940101555222
668,-22.0,22.0,85.48402948402948,0.13438962812505564
669,-25.0,25.0,91.67076167076166,0.13398645924068048
670,-17.0,17.0,84.17199017199017,0.13358449986295842
671,-38.0,38.0,83.5085995085995,0.13318374636336955
672,-26.0,26.0,85.28501228501229,0.13278419512427944
673,-22.0,22.0,90.35380835380835,0.1323858425389066
674,-19.0,19.0,83.86977886977887,0.13198868501128988
675,-14.0,14.0,85.68058968058968,0.13159271895625602
676,-22.0,22.0,85.71990171990171,0.13119794079938724
677,-19.0,19.0,86.1031941031941,0.13080434697698906
678,-19.0,19.0,84.42260442260442,0.1304119339360581
679,-21.0,21.0,90.71744471744472,0.13002069813424993
680,-15.0,15.0,86.36855036855037,0.12963063603984717
681,-34.0,34.0,92.36855036855037,0.12924174413172762
682,-16.0,16.0,86.73955773955774,0.12885401889933243
683,-21.0,21.0,86.78132678132678,0.12846745684263444
684,-21.0,21.0,84.51842751842752,0.12808205447210655
685,-31.0,31.0,92.82555282555282,0.12769780830869024
686,-16.0,16.0,88.34398034398035,0.12731471488376417
687,-23.0,23.0,83.12039312039312,0.12693277073911288
688,-27.0,27.0,89.002457002457,0.12655197242689553
689,-24.0,24.0,87.37592137592138,0.12617231650961486
690,-27.0,27.0,90.34152334152334,0.12579379956008602
691,-15.0,15.0,89.33660933660934,0.12541641816140575
692,-26.0,26.0,86.97788697788698,0.12504016890692154
693,-24.0,24.0,84.82309582309583,0.12466504840020078
694,-25.0,25.0,85.67076167076166,0.12429105325500017
695,-35.0,35.0,96.44717444717445,0.12391818009523517
696,-18.0,18.0,86.38574938574939,0.12354642555494946
697,-15.0,15.0,85.74447174447174,0.12317578627828461
698,-28.0,28.0,84.72481572481573,0.12280625891944975
699,-22.0,22.0,86.8943488943489,0.1224378401426914
700,-29.0,29.0,98.04668304668304,0.12207052662226334
701,-15.0,15.0,80.67321867321867,0.12170431504239655
702,-21.0,21.0,86.33169533169533,0.12133920209726937
703,-20.0,20.0,87.50614250614251,0.12097518449097756
704,-18.0,18.0,87.63144963144963,0.12061225893750463
705,-23.0,23.0,88.3980343980344,0.12025042216069212
706,-32.0,32.0,88.58722358722359,0.11988967089421004
707,-21.0,21.0,81.81818181818181,0.11953000188152742
708,-22.0,22.0,87.55036855036855,0.11917141187588283
709,-17.0,17.0,82.93120393120392,0.11881389764025518
710,-28.0,28.0,90.72235872235872,0.11845745594733442
711,-23.0,23.0,83.87960687960688,0.11810208357949242
712,-18.0,18.0,87.27027027027027,0.11774777732875394
713,-23.0,23.0,86.37837837837837,0.11739453399676768
714,-18.0,18.0,86.84029484029485,0.11704235039477738
715,-30.0,30.0,89.06633906633907,0.11669122334359305
716,-22.0,22.0,95.48894348894349,0.11634114967356228
717,-25.0,25.0,91.6019656019656,0.1159921262245416
718,-26.0,26.0,89.7002457002457,0.11564414984586797
719,-15.0,15.0,81.6928746928747,0.11529721739633036
720,-19.0,19.0,85.05159705159706,0.11495132574414137
721,-18.0,18.0,81.26044226044226,0.11460647176690894
722,-20.0,20.0,81.91646191646191,0.11426265235160821
723,-29.0,29.0,99.03685503685503,0.11391986439455339
724,-28.0,28.0,85.78378378378379,0.11357810480136972
725,-21.0,21.0,82.12776412776412,0.11323737048696561
726,-8.0,8.0,80.03685503685503,0.11289765837550471
727,-23.0,23.0,85.24324324324324,0.1125589654003782
728,-18.0,18.0,82.15233415233415,0.11222128850417706
729,-20.0,20.0,89.90417690417691,0.11188462463866453
730,-18.0,18.0,86.82555282555282,0.11154897076474853
731,-28.0,28.0,91.28255528255528,0.11121432385245428
732,-21.0,21.0,81.70761670761671,0.11088068088089692
733,-14.0,14.0,88.42997542997543,0.11054803883825423
734,-24.0,24.0,89.73464373464374,0.11021639472173947
735,-25.0,25.0,90.7985257985258,0.10988574553757426
736,-20.0,20.0,81.47420147420148,0.10955608830096153
737,-23.0,23.0,85.62899262899263,0.10922742003605865
738,-20.0,20.0,82.25307125307125,0.10889973777595047
739,-19.0,19.0,83.37837837837837,0.10857303856262261
740,-23.0,23.0,84.65601965601965,0.10824731944693475
741,-21.0,21.0,84.47420147420148,0.10792257748859395
742,-26.0,26.0,97.8968058968059,0.10759880975612816
743,-21.0,21.0,84.22604422604422,0.10727601332685978
744,-21.0,21.0,87.48648648648648,0.1069541852868792
745,-17.0,17.0,86.26535626535626,0.10663332273101855
746,-28.0,28.0,88.92383292383292,0.1063134227628255
747,-28.0,28.0,80.45945945945945,0.10599448249453702
748,-22.0,22.0,91.81818181818181,0.10567649904705341
749,-24.0,24.0,85.7960687960688,0.10535946954991225
750,-28.0,28.0,85.80835380835381,0.10504339114126252
751,-20.0,20.0,82.21375921375922,0.10472826096783873
752,-28.0,28.0,84.28009828009829,0.10441407618493521
753,-23.0,23.0,85.4963144963145,0.10410083395638041
754,-14.0,14.0,79.5945945945946,0.10378853145451127
755,-20.0,20.0,83.0,0.10347716586014773
756,-20.0,20.0,88.9017199017199,0.10316673436256728
757,-18.0,18.0,84.74447174447174,0.10285723415947957
758,-19.0,19.0,85.00982800982801,0.10254866245700113
759,-19.0,19.0,88.12039312039312,0.10224101646963013
760,-19.0,19.0,82.03194103194103,0.10193429342022124
761,-25.0,25.0,88.24570024570025,0.10162849053996058
762,-22.0,22.0,94.44471744471744,0.10132360506834069
763,-20.0,20.0,85.23341523341523,0.10101963425313566
764,-24.0,24.0,88.49385749385749,0.10071657535037626
765,-23.0,23.0,81.35135135135135,0.10041442562432513
766,-18.0,18.0,84.83783783783784,0.10011318234745216
767,-14.0,14.0,89.93611793611794,0.0998128428004098
768,-27.0,27.0,88.71007371007371,0.09951340427200858
769,-16.0,16.0,79.82309582309583,0.09921486405919255
770,-21.0,21.0,91.41769041769042,0.09891721946701497
771,-24.0,24.0,88.08353808353809,0.09862046780861393
772,-29.0,29.0,85.18181818181819,0.09832460640518809
773,-20.0,20.0,86.73710073710073,0.09802963258597253
774,-21.0,21.0,86.41031941031942,0.0977355436882146
775,-35.0,35.0,88.22850122850123,0.09744233705714996
776,-25.0,25.0,85.88697788697789,0.09715001004597851
777,-28.0,28.0,90.62653562653563,0.09685856001584058
778,-19.0,19.0,86.02457002457002,0.09656798433579306
779,-24.0,24.0,80.11547911547912,0.09627828038278567
780,-15.0,15.0,84.002457002457,0.09598944554163731
781,-21.0,21.0,79.38820638820638,0.0957014772050124
782,-24.0,24.0,79.91646191646191,0.09541437277339737
783,-30.0,30.0,96.25552825552826,0.09512812965507718
784,-18.0,18.0,78.21130221130221,0.09484274526611194
785,-22.0,22.0,80.02211302211302,0.09455821703031361
786,-24.0,24.0,80.987714987715,0.09427454237922267
787,-26.0,26.0,83.0909090909091,0.09399171875208501
788,-24.0,24.0,87.44226044226045,0.09370974359582875
789,-15.0,15.0,81.25552825552826,0.09342861436504125
790,-20.0,20.0,84.62653562653563,0.09314832852194613
791,-19.0,19.0,88.11547911547912,0.09286888353638029
792,-27.0,27.0,88.58476658476658,0.09259027688577115
793,-28.0,28.0,88.49385749385749,0.09231250605511383
794,-26.0,26.0,91.55528255528256,0.0920355685369485
795,-19.0,19.0,86.04668304668304,0.09175946183133765
796,-22.0,22.0,89.002457002457,0.09148418344584364
797,-26.0,26.0,85.06633906633907,0.0912097308955061
798,-16.0,16.0,81.4987714987715,0.09093610170281959
799,-18.0,18.0,85.30958230958231,0.09066329339771112
800,-22.0,22.0,82.07616707616708,0.09039130351751799
801,-22.0,22.0,86.58722358722359,0.09012012960696544
802,-30.0,30.0,92.65110565110565,0.08984976921814454
803,-25.0,25.0,86.66093366093367,0.0895802199104901
804,-31.0,31.0,88.25798525798525,0.08931147925075864
805,-26.0,26.0,89.8943488943489,0.08904354481300636
806,-20.0,20.0,89.02702702702703,0.08877641417856734
807,-19.0,19.0,83.86732186732186,0.08851008493603164
808,-23.0,23.0,84.9017199017199,0.08824455468122355
809,-23.0,23.0,87.82555282555282,0.08797982101717988
810,-18.0,18.0,79.06142506142506,0.08771588155412834
811,-14.0,14.0,85.24078624078624,0.08745273390946595
812,-14.0,14.0,85.76167076167076,0.08719037570773755
813,-28.0,28.0,89.97297297297297,0.08692880458061433
814,-28.0,28.0,93.004914004914,0.08666801816687249
815,-22.0,22.0,82.41277641277641,0.08640801411237187
816,-17.0,17.0,91.67076167076166,0.08614879007003474
817,-19.0,19.0,81.71253071253071,0.08589034369982464
818,-12.0,12.0,81.4004914004914,0.08563267266872517
819,-22.0,22.0,84.70761670761671,0.085375774650719
820,-23.0,23.0,85.03194103194103,0.08511964732676684
821,-32.0,32.0,95.22358722358722,0.08486428838478655
822,-24.0,24.0,83.24324324324324,0.08460969551963218
823,-18.0,18.0,88.71498771498771,0.08435586643307329
824,-26.0,26.0,87.27272727272727,0.08410279883377407
825,-31.0,31.0,85.1965601965602,0.08385049043727275
826,-19.0,19.0,88.2014742014742,0.08359893896596093
827,-8.0,8.0,79.84766584766585,0.08334814214906305
828,-22.0,22.0,83.25798525798525,0.08309809772261587
829,-16.0,16.0,82.16216216216216,0.08284880342944802
830,-21.0,21.0,79.27518427518427,0.08260025701915967
831,-21.0,21.0,87.87223587223588,0.0823524562481022
832,-25.0,25.0,82.28009828009829,0.08210539887935789
833,-19.0,19.0,84.1891891891892,0.08185908268271981
834,-23.0,23.0,86.25552825552826,0.08161350543467165
835,-19.0,19.0,83.91646191646191,0.08136866491836764
836,-25.0,25.0,96.48402948402948,0.08112455892361253
837,-30.0,30.0,94.6068796068796,0.0808811852468417
838,-22.0,22.0,85.41277641277641,0.08063854169110117
839,-19.0,19.0,88.68550368550369,0.08039662606602786
840,-15.0,15.0,81.9017199017199,0.08015543618782978
841,-24.0,24.0,85.77395577395578,0.07991496987926629
842,-26.0,26.0,86.08108108108108,0.07967522496962849
843,-19.0,19.0,83.46191646191646,0.07943619929471961
844,-32.0,32.0,89.80589680589681,0.07919789069683544
845,-23.0,23.0,87.1007371007371,0.07896029702474494
846,-20.0,20.0,87.21621621621621,0.0787234161336707
847,-31.0,31.0,95.64864864864865,0.07848724588526969
848,-22.0,22.0,83.15724815724816,0.07825178414761388
849,-17.0,17.0,91.06142506142506,0.07801702879517104
850,-18.0,18.0,80.67321867321867,0.07778297770878553
851,-27.0,27.0,84.03194103194103,0.07754962877565917
852,-27.0,27.0,87.87960687960688,0.0773169798893322
853,-18.0,18.0,85.57002457002457,0.07708502894966421
854,-22.0,22.0,79.73955773955774,0.07685377386281522
855,-20.0,20.0,85.42997542997543,0.07662321254122678
856,-18.0,18.0,83.26044226044226,0.0763933429036031
857,-32.0,32.0,96.15970515970515,0.07616416287489229
858,-22.0,22.0,85.75429975429975,0.07593567038626761
859,-19.0,19.0,85.60442260442261,0.0757078633751088
860,-25.0,25.0,86.86486486486487,0.07548073978498347
861,-16.0,16.0,83.98280098280098,0.07525429756562853
862,-26.0,26.0,90.64373464373465,0.07502853467293165
863,-29.0,29.0,96.1056511056511,0.07480344906891286
864,-31.0,31.0,90.13022113022113,0.07457903872170611
865,-25.0,25.0,87.51105651105651,0.07435530160554099
866,-17.0,17.0,83.007371007371,0.07413223570072437
867,-20.0,20.0,82.23095823095824,0.0739098389936222
868,-23.0,23.0,85.77886977886978,0.07368810947664134
869,-24.0,24.0,85.86977886977887,0.07346704514821141
870,-15.0,15.0,82.66830466830467,0.07324664401276677
871,-17.0,17.0,81.94103194103194,0.07302690408072847
872,-20.0,20.0,90.37592137592138,0.07280782336848628
873,-20.0,20.0,81.56511056511056,0.07258939989838081
874,-15.0,15.0,80.2948402948403,0.07237163169868567
875,-18.0,18.0,86.9090909090909,0.07215451680358961
876,-18.0,18.0,81.97297297297297,0.07193805325317884
877,-15.0,15.0,82.39066339066339,0.07172223909341931
878,-22.0,22.0,80.5012285012285,0.07150707237613906
879,-19.0,19.0,85.32678132678133,0.07129255115901063
880,-30.0,30.0,85.19164619164619,0.0710786735055336
881,-19.0,19.0,87.11793611793611,0.07086543748501699
882,-22.0,22.0,91.02211302211302,0.07065284117256193
883,-19.0,19.0,89.00982800982801,0.07044088264904425
884,-23.0,23.0,84.00982800982801,0.07022956000109712
885,-22.0,22.0,86.42506142506143,0.07001887132109383
886,-24.0,24.0,91.39066339066339,0.06980881470713055
887,-18.0,18.0,85.96805896805897,0.06959938826300915
888,-22.0,22.0,92.42260442260442,0.06939059009822013
889,-16.0,16.0,82.9066339066339,0.06918241832792547
890,-17.0,17.0,84.04422604422605,0.0689748710729417
891,-19.0,19.0,85.05159705159706,0.06876794645972288
892,-28.0,28.0,82.1990171990172,0.06856164262034371
893,-30.0,30.0,89.49385749385749,0.06835595769248268
894,-24.0,24.0,84.08353808353809,0.06815088981940523
895,-17.0,17.0,80.62899262899263,0.06794643714994701
896,-24.0,24.0,91.1965601965602,0.06774259783849718
897,-28.0,28.0,89.48894348894349,0.06753937004498169
898,-29.0,29.0,83.2088452088452,0.06733675193484674
899,-20.0,20.0,86.52088452088452,0.0671347416790422
900,-23.0,23.0,101.3022113022113,0.06693333745400507
901,-20.0,20.0,82.33660933660934,0.06673253744164305
902,-20.0,20.0,83.49385749385749,0.06653233982931812
903,-18.0,18.0,80.02948402948402,0.06633274280983018
904,-20.0,20.0,85.82555282555282,0.06613374458140069
905,-20.0,20.0,80.65110565110565,0.06593534334765648
906,-29.0,29.0,89.42506142506143,0.06573753731761352
907,-17.0,17.0,88.24815724815724,0.06554032470566068
908,-17.0,17.0,86.03685503685503,0.0653437037315437
909,-25.0,25.0,84.62653562653563,0.06514767262034907
910,-25.0,25.0,83.54791154791155,0.06495222960248802
911,-15.0,15.0,81.41031941031942,0.06475737291368056
912,-21.0,21.0,78.82309582309583,0.06456310079493952
913,-24.0,24.0,92.66830466830467,0.06436941149255469
914,-18.0,18.0,79.67567567567568,0.06417630325807702
915,-22.0,22.0,82.07125307125307,0.0639837743483028
916,-23.0,23.0,82.68796068796068,0.06379182302525789
917,-45.0,45.0,96.82800982800983,0.06360044755618212
918,-24.0,24.0,87.76658476658477,0.06340964621351357
919,-23.0,23.0,86.997542997543,0.06321941727487303
920,-23.0,23.0,89.54791154791155,0.0630297590230484
921,-27.0,27.0,95.03439803439804,0.06284066974597925
922,-24.0,24.0,84.56019656019656,0.06265214773674131
923,-19.0,19.0,83.0909090909091,0.06246419129353109
924,-23.0,23.0,88.46191646191646,0.0622767987196505
925,-17.0,17.0,82.3931203931204,0.06208996832349155
926,-31.0,31.0,95.29729729729729,0.06190369841852107
927,-23.0,23.0,89.51105651105651,0.06171798732326551
928,-24.0,24.0,86.21375921375922,0.06153283336129571
929,-21.0,21.0,96.27764127764128,0.061348234861211826
930,-23.0,23.0,84.87469287469287,0.06116419015662819
931,-24.0,24.0,85.28992628992629,0.0609806975861583
932,-17.0,17.0,83.15479115479116,0.06079775549339983
933,-35.0,35.0,98.63882063882063,0.06061536222691963
934,-20.0,20.0,84.23341523341523,0.06043351614023887
935,-24.0,24.0,92.88452088452088,0.060252215591818155
936,-38.0,38.0,98.13267813267814,0.0600714589450427
937,-21.0,21.0,84.79361179361179,0.05989124456820757
938,-29.0,29.0,104.09582309582309,0.059711570834502944
939,-19.0,19.0,86.97542997542998,0.05953243612199943
940,-18.0,18.0,91.53316953316953,0.05935383881363344
941,-17.0,17.0,86.62407862407862,0.05917577729719254
942,-20.0,20.0,79.67321867321867,0.05899824996530096
943,-37.0,37.0,87.13022113022113,0.05882125521540506
944,-22.0,22.0,85.76904176904176,0.05864479144975884
945,-11.0,11.0,78.63390663390663,0.05846885707540957
946,-14.0,14.0,82.86486486486487,0.05829345050418334
947,-17.0,17.0,85.85995085995086,0.05811857015267079
948,-28.0,28.0,91.73955773955774,0.057944214442212774
949,-18.0,18.0,96.44717444717445,0.05777038179888613
950,-18.0,18.0,85.53808353808354,0.05759707065348948
951,-26.0,26.0,82.85257985257985,0.05742427944152901
952,-13.0,13.0,83.97542997542998,0.057252006603204425
953,-24.0,24.0,84.75429975429975,0.05708025058339481
954,-22.0,22.0,87.85257985257985,0.056909009831644625
955,-17.0,17.0,83.32186732186732,0.05673828280214969
956,-22.0,22.0,92.50614250614251,0.05656806795374324
957,-14.0,14.0,81.44963144963145,0.056398363749882004
958,-24.0,24.0,87.27764127764128,0.05622916865863236
959,-23.0,23.0,87.36855036855037,0.056060481152656466
960,-18.0,18.0,84.93857493857494,0.0558922997091985
961,-19.0,19.0,86.53562653562653,0.0557246228100709
962,-23.0,23.0,94.31941031941032,0.055557448941640684
963,-14.0,14.0,87.61670761670761,0.05539077659481576
964,-18.0,18.0,86.77395577395578,0.05522460426503131
965,-17.0,17.0,83.8009828009828,0.05505893045223622
966,-22.0,22.0,86.44963144963145,0.054893753660879514
967,-18.0,18.0,86.63144963144963,0.054729072399896876
968,-26.0,26.0,85.03439803439804,0.054564885182697184
969,-22.0,22.0,80.56265356265357,0.05440119052714909
970,-16.0,16.0,81.56265356265357,0.05423798695556764
971,-19.0,19.0,84.04176904176904,0.05407527299470094
972,-17.0,17.0,87.33415233415234,0.053913047175716836
973,-17.0,17.0,80.71744471744472,0.05375130803418968
974,-26.0,26.0,94.20638820638821,0.05359005411008711
975,-20.0,20.0,80.74447174447174,0.053429283947756846
976,-16.0,16.0,80.58230958230958,0.053268996095913575
977,-17.0,17.0,90.96068796068796,0.05310918910762583
978,-28.0,28.0,89.28255528255528,0.052949861540302956
979,-24.0,24.0,83.63636363636364,0.052791011955682046
980,-21.0,21.0,78.84766584766585,0.052632638919815
981,-22.0,22.0,83.78869778869779,0.052474741003055554
982,-23.0,23.0,83.94840294840294,0.052317316780046384
983,-21.0,21.0,85.52579852579852,0.05216036482970624
984,-17.0,17.0,78.48157248157248,0.052003883735217124
985,-27.0,27.0,87.36609336609337,0.051847872084011475
986,-21.0,21.0,83.12039312039312,0.05169232846775944
987,-20.0,20.0,82.67076167076166,0.05153725148235616
988,-19.0,19.0,89.30466830466831,0.051382639727909095
989,-20.0,20.0,82.4987714987715,0.051228491808725365
990,-24.0,24.0,85.7960687960688,0.05107480633329919
991,-22.0,22.0,88.34152334152334,0.05092158191429929
992,-18.0,18.0,83.05405405405405,0.05076881716855639
993,-21.0,21.0,90.14742014742015,0.05061651071705072
994,-28.0,28.0,84.72481572481573,0.05046466118489957
995,-22.0,22.0,84.49385749385749,0.05031326720134487
996,-19.0,19.0,84.58722358722359,0.05016232739974084
997,-27.0,27.0,79.95085995085995,0.050011840417541614
998,-26.0,26.0,86.997542997543,0.05
999,-23.0,23.0,86.97788697788698,0.05
1000,-23.0,23.0,86.37100737100737,0.05
1001,-24.0,24.0,84.23587223587224,0.05
1002,-19.0,19.0,80.6019656019656,0.05
1003,-19.0,19.0,86.68796068796068,0.05
1004,-18.0,18.0,85.92628992628993,0.05
1005,-19.0,19.0,83.07125307125307,0.05
1006,-23.0,23.0,87.79361179361179,0.05
1007,-13.0,13.0,88.45208845208845,0.05
1008,-22.0,22.0,89.31695331695332,0.05
1009,-18.0,18.0,80.55773955773955,0.05
1010,-24.0,24.0,88.74447174447174,0.05
1011,-16.0,16.0,83.15233415233415,0.05
1012,-19.0,19.0,93.76658476658477,0.05
1013,-19.0,19.0,83.39066339066339,0.05
1014,-18.0,18.0,89.012285012285,0.05
1015,-19.0,19.0,80.37592137592138,0.05
1016,-15.0,15.0,79.83538083538083,0.05
1017,-16.0,16.0,87.15479115479116,0.05
1018,-15.0,15.0,80.6928746928747,0.05
1019,-23.0,23.0,80.73464373464374,0.05
1020,-17.0,17.0,83.58476658476658,0.05
1021,-17.0,17.0,84.012285012285,0.05
1022,-14.0,14.0,83.06142506142506,0.05
1023,-22.0,22.0,90.64127764127764,0.05
1024,-31.0,31.0,82.71744471744472,0.05
1025,-21.0,21.0,88.05159705159706,0.05
1026,-24.0,24.0,89.54299754299754,0.05
1027,-31.0,31.0,91.35872235872236,0.05
1028,-18.0,18.0,83.68796068796068,0.05
1029,-22.0,22.0,86.33169533169533,0.05
1030,-20.0,20.0,83.14004914004914,0.05
1031,-13.0,13.0,87.83046683046683,0.05
1032,-14.0,14.0,79.4963144963145,0.05
1033,-28.0,28.0,90.36609336609337,0.05
1034,-25.0,25.0,84.31203931203932,0.05
1035,-21.0,21.0,89.27764127764128,0.05
1036,-20.0,20.0,92.13759213759214,0.05
1037,-19.0,19.0,91.84520884520884,0.05
1038,-20.0,20.0,95.04176904176904,0.05
1039,-24.0,24.0,84.95085995085995,0.05
1040,-31.0,31.0,90.45945945945945,0.05
1041,-23.0,23.0,83.4963144963145,0.05
1042,-17.0,17.0,82.21130221130221,0.05
1043,-21.0,21.0,86.47911547911548,0.05
1044,-22.0,22.0,85.01965601965603,0.05
1045,-25.0,25.0,81.54545454545455,0.05
1046,-24.0,24.0,86.46191646191646,0.05
1047,-23.0,23.0,82.53562653562653,0.05
1048,-18.0,18.0,82.31203931203932,0.05
1049,-17.0,17.0,85.98034398034397,0.05
1050,-16.0,16.0,83.81326781326781,0.05
1051,-17.0,17.0,85.85503685503686,0.05
1052,-26.0,26.0,87.97051597051598,0.05
1053,-23.0,23.0,83.11547911547912,0.05
1054,-20.0,20.0,81.95823095823096,0.05
1055,-22.0,22.0,86.97788697788698,0.05
1056,-23.0,23.0,85.49385749385749,0.05
1057,-24.0,24.0,86.14496314496314,0.05
1058,-19.0,19.0,82.14742014742015,0.05
1059,-28.0,28.0,84.57985257985258,0.05
1060,-16.0,16.0,84.75921375921376,0.05
1061,-24.0,24.0,88.95331695331696,0.05
1062,-18.0,18.0,78.7002457002457,0.05
1063,-22.0,22.0,80.33660933660934,0.05
1064,-22.0,22.0,86.35380835380835,0.05
1065,-20.0,20.0,84.24324324324324,0.05
1066,-12.0,12.0,76.34398034398035,0.05
1067,-20.0,20.0,84.58722358722359,0.05
1068,-20.0,20.0,92.54545454545455,0.05
1069,-24.0,24.0,88.1965601965602,0.05
1070,-24.0,24.0,85.5970515970516,0.05
1071,-22.0,22.0,83.97297297297297,0.05
1072,-19.0,19.0,86.85995085995086,0.05
1073,-21.0,21.0,89.18181818181819,0.05
1074,-16.0,16.0,84.7051597051597,0.05
1075,-33.0,33.0,89.23341523341523,0.05
1076,-26.0,26.0,98.64127764127764,0.05
1077,-23.0,23.0,82.93857493857494,0.05
1078,-11.0,11.0,82.98525798525799,0.05
1079,-23.0,23.0,83.67567567567568,0.05
1080,-25.0,25.0,82.72481572481573,0.05
1081,-22.0,22.0,83.16216216216216,0.05
1082,-28.0,28.0,85.36609336609337,0.05
1083,-15.0,15.0,81.32923832923834,0.05
1084,-17.0,17.0,80.10810810810811,0.05
1085,-14.0,14.0,82.76412776412776,0.05
1086,-21.0,21.0,87.33169533169533,0.05
1087,-23.0,23.0,85.30466830466831,0.05
1088,-18.0,18.0,84.18673218673219,0.05
1089,-20.0,20.0,79.22113022113022,0.05
1090,-17.0,17.0,82.98034398034397,0.05
1091,-18.0,18.0,79.12776412776412,0.05
1092,-20.0,20.0,85.30466830466831,0.05
1093,-18.0,18.0,84.34643734643734,0.05
1094,-17.0,17.0,86.61179361179362,0.05
1095,-16.0,16.0,81.36117936117937,0.05
1096,-22.0,22.0,84.17690417690417,0.05
1097,-14.0,14.0,83.80835380835381,0.05
1098,-16.0,16.0,78.86486486486487,0.05
1099,-17.0,17.0,80.83046683046683,0.05
1100,-20.0,20.0,79.34889434889435,0.05
1101,-27.0,27.0,87.11793611793611,0.05
1102,-17.0,17.0,83.1990171990172,0.05
1103,-21.0,21.0,85.04422604422605,0.05
1104,-20.0,20.0,85.16216216216216,0.05
1105,-27.0,27.0,85.87223587223588,0.05
1106,-27.0,27.0,98.18673218673219,0.05
1107,-28.0,28.0,92.93611793611794,0.05
1108,-18.0,18.0,85.33906633906633,0.05
1109,-17.0,17.0,81.19410319410319,0.05
1110,-17.0,17.0,85.05159705159706,0.05
1111,-22.0,22.0,85.20638820638821,0.05
1112,-19.0,19.0,80.72727272727273,0.05
1113,-22.0,22.0,83.52088452088452,0.05
1114,-15.0,15.0,83.08599508599508,0.05
1115,-21.0,21.0,85.26535626535626,0.05
1116,-18.0,18.0,80.87714987714988,0.05
1117,-16.0,16.0,81.43488943488944,0.05
1118,-27.0,27.0,90.68304668304668,0.05
1119,-17.0,17.0,85.04422604422605,0.05
1120,-17.0,17.0,85.73955773955774,0.05
1121,-16.0,16.0,82.65110565110565,0.05
1122,-19.0,19.0,83.22850122850123,0.05
1123,-29.0,29.0,87.44471744471744,0.05
1124,-32.0,32.0,93.59213759213759,0.05
1125,-24.0,24.0,83.41769041769042,0.05
1126,-22.0,22.0,85.88452088452088,0.05
1127,-23.0,23.0,88.37346437346437,0.05
1128,-20.0,20.0,83.4914004914005,0.05
1129,-34.0,34.0,87.53071253071253,0.05
1130,-16.0,16.0,83.14496314496314,0.05
1131,-19.0,19.0,85.30958230958231,0.05
1132,-24.0,24.0,85.17444717444718,0.05
1133,-21.0,21.0,84.43734643734643,0.05
1134,-18.0,18.0,87.47420147420148,0.05
1135,-18.0,18.0,86.31449631449631,0.05
1136,-23.0,23.0,82.96314496314497,0.05
1137,-23.0,23.0,84.1990171990172,0.05
1138,-14.0,14.0,76.18673218673219,0.05
1139,-23.0,23.0,91.42506142506143,0.05
1140,-19.0,19.0,82.27518427518427,0.05
1141,-16.0,16.0,84.35872235872236,0.05
1142,-19.0,19.0,87.75921375921376,0.05
1143,-40.0,40.0,89.95823095823096,0.05
1144,-23.0,23.0,89.90417690417691,0.05
1145,-29.0,29.0,82.28255528255528,0.05
1146,-23.0,23.0,82.77395577395578,0.05
1147,-34.0,34.0,81.24570024570025,0.05
1148,-19.0,19.0,87.28992628992629,0.05
1149,-20.0,20.0,89.13022113022113,0.05
1150,-17.0,17.0,81.0909090909091,0.05
1151,-17.0,17.0,86.73218673218673,0.05
1152,-20.0,20.0,86.70270270270271,0.05
1153,-22.0,22.0,93.32923832923834,0.05
1154,-23.0,23.0,87.7960687960688,0.05
1155,-21.0,21.0,84.17936117936118,0.05
1156,-22.0,22.0,91.82063882063882,0.05
1157,-22.0,22.0,84.1965601965602,0.05
1158,-30.0,30.0,82.15724815724816,0.05
1159,-17.0,17.0,87.58968058968058,0.05
1160,-24.0,24.0,81.6977886977887,0.05
1161,-20.0,20.0,80.26781326781327,0.05
1162,-22.0,22.0,80.2997542997543,0.05
1163,-20.0,20.0,80.012285012285,0.05
1164,-30.0,30.0,91.30466830466831,0.05
1165,-34.0,34.0,83.38820638820638,0.05
1166,-21.0,21.0,85.88697788697789,0.05
1167,-21.0,21.0,90.4963144963145,0.05
1168,-19.0,19.0,85.42506142506143,0.05
1169,-28.0,28.0,92.37837837837837,0.05
1170,-22.0,22.0,85.56511056511056,0.05
1171,-25.0,25.0,90.22850122850123,0.05
1172,-24.0,24.0,89.30466830466831,0.05
1173,-17.0,17.0,82.35626535626535,0.05
1174,-21.0,21.0,94.05896805896806,0.05
1175,-23.0,23.0,90.42260442260442,0.05
1176,-34.0,34.0,99.64127764127764,0.05
1177,-21.0,21.0,86.78132678132678,0.05
1178,-20.0,20.0,81.77886977886978,0.05
1179,-16.0,16.0,83.86732186732186,0.05
1180,-13.0,13.0,81.48402948402948,0.05
1181,-29.0,29.0,90.21621621621621,0.05
1182,-18.0,18.0,85.11302211302211,0.05
1183,-16.0,16.0,84.57248157248158,0.05
1184,-21.0,21.0,84.03685503685503,0.05
1185,-21.0,21.0,82.87469287469287,0.05
1186,-20.0,20.0,86.12039312039312,0.05
1187,-20.0,20.0,85.83783783783784,0.05
1188,-20.0,20.0,82.80835380835381,0.05
1189,-24.0,24.0,87.14004914004914,0.05
1190,-22.0,22.0,84.7960687960688,0.05
1191,-27.0,27.0,84.98280098280098,0.05
1192,-19.0,19.0,89.26535626535626,0.05
1193,-14.0,14.0,79.71990171990171,0.05
1194,-26.0,26.0,90.22358722358722,0.05
1195,-21.0,21.0,85.57002457002457,0.05
1196,-17.0,17.0,80.53071253071253,0.05
1197,-21.0,21.0,86.4029484029484,0.05
1198,-23.0,23.0,89.92383292383292,0.05
1199,-18.0,18.0,85.36117936117937,0.05
1200,-17.0,17.0,83.0982800982801,0.05
1201,-27.0,27.0,92.1056511056511,0.05
1202,-18.0,18.0,83.04914004914005,0.05
1203,-17.0,17.0,83.65847665847666,0.05
1204,-17.0,17.0,82.992628992629,0.05
1205,-16.0,16.0,88.86240786240786,0.05
1206,-20.0,20.0,81.72481572481573,0.05
1207,-23.0,23.0,83.12039312039312,0.05
1208,-15.0,15.0,86.71744471744472,0.05
1209,-25.0,25.0,85.09582309582309,0.05
1210,-13.0,13.0,83.66093366093367,0.05
1211,-16.0,16.0,88.46191646191646,0.05
1212,-22.0,22.0,80.06388206388206,0.05
1213,-24.0,24.0,86.97051597051598,0.05
1214,-16.0,16.0,90.17936117936118,0.05
1215,-16.0,16.0,78.31695331695332,0.05
1216,-20.0,20.0,87.08845208845209,0.05
1217,-19.0,19.0,89.5012285012285,0.05
1218,-33.0,33.0,89.16461916461917,0.05
1219,-19.0,19.0,85.8968058968059,0.05
1220,-32.0,32.0,96.18181818181819,0.05
1221,-20.0,20.0,88.46437346437347,0.05
1222,-21.0,21.0,86.87960687960688,0.05
1223,-20.0,20.0,83.36609336609337,0.05
1224,-24.0,24.0,85.85012285012284,0.05
1225,-17.0,17.0,80.98280098280098,0.05
1226,-21.0,21.0,81.2014742014742,0.05
1227,-22.0,22.0,79.24815724815724,0.05
1228,-24.0,24.0,86.0982800982801,0.05
1229,-19.0,19.0,80.34152334152334,0.05
1230,-19.0,19.0,87.87223587223588,0.05
1231,-20.0,20.0,77.77395577395578,0.05
1232,-21.0,21.0,83.81326781326781,0.05
1233,-16.0,16.0,81.64373464373465,0.05
1234,-22.0,22.0,85.65847665847666,0.05
1235,-15.0,15.0,85.92628992628993,0.05
1236,-14.0,14.0,79.58968058968058,0.05
1237,-20.0,20.0,80.83046683046683,0.05
1238,-24.0,24.0,81.07862407862407,0.05
1239,-25.0,25.0,89.30466830466831,0.05
1240,-19.0,19.0,79.74938574938575,0.05
1241,-13.0,13.0,82.41769041769042,0.05
1242,-19.0,19.0,79.08845208845209,0.05
1243,-22.0,22.0,94.1891891891892,0.05
1244,-23.0,23.0,97.17199017199017,0.05
1245,-20.0,20.0,81.65847665847666,0.05
1246,-18.0,18.0,81.48648648648648,0.05
1247,-14.0,14.0,83.28009828009829,0.05
1248,-21.0,21.0,90.14250614250614,0.05
1249,-24.0,24.0,88.84275184275184,0.05
1250,-26.0,26.0,90.995085995086,0.05
1251,-22.0,22.0,85.97542997542998,0.05
1252,-22.0,22.0,83.33169533169533,0.05
1253,-18.0,18.0,79.18427518427518,0.05
1254,-22.0,22.0,80.76904176904176,0.05
1255,-32.0,32.0,87.14987714987716,0.05
1256,-33.0,33.0,99.81572481572482,0.05
1257,-19.0,19.0,81.54791154791155,0.05
1258,-17.0,17.0,87.1031941031941,0.05
1259,-21.0,21.0,83.75184275184276,0.05
1260,-19.0,19.0,82.25061425061425,0.05
1261,-20.0,20.0,81.37346437346437,0.05
1262,-25.0,25.0,83.98525798525799,0.05
1263,-20.0,20.0,84.38820638820638,0.05
1264,-27.0,27.0,87.14742014742015,0.05
1265,-17.0,17.0,81.69041769041769,0.05
1266,-28.0,28.0,84.25061425061425,0.05
1267,-21.0,21.0,89.06388206388206,0.05
1268,-26.0,26.0,87.12776412776412,0.05
1269,-19.0,19.0,87.05896805896806,0.05
1270,-21.0,21.0,82.995085995086,0.05
1271,-25.0,25.0,83.93366093366093,0.05
1272,-25.0,25.0,84.2948402948403,0.05
1273,-28.0,28.0,87.21621621621621,0.05
1274,-26.0,26.0,88.2997542997543,0.05
1275,-22.0,22.0,83.28009828009829,0.05
1276,-33.0,33.0,85.67321867321867,0.05
1277,-16.0,16.0,85.5085995085995,0.05
1278,-29.0,29.0,86.73218673218673,0.05
1279,-13.0,13.0,82.3022113022113,0.05
1280,-20.0,20.0,88.37100737100737,0.05
1281,-16.0,16.0,88.27518427518427,0.05
1282,-16.0,16.0,78.71007371007371,0.05
1283,-17.0,17.0,86.2039312039312,0.05
1284,-20.0,20.0,83.995085995086,0.05
1285,-22.0,22.0,88.97051597051598,0.05
1286,-21.0,21.0,86.35135135135135,0.05
1287,-18.0,18.0,83.20638820638821,0.05
1288,-25.0,25.0,85.06388206388206,0.05
1289,-15.0,15.0,82.78132678132678,0.05
1290,-18.0,18.0,85.23095823095824,0.05
1291,-21.0,21.0,83.04668304668304,0.05
1292,-17.0,17.0,80.75429975429975,0.05
1293,-17.0,17.0,77.18181818181819,0.05
1294,-18.0,18.0,81.25307125307125,0.05
1295,-24.0,24.0,86.45454545454545,0.05
1296,-14.0,14.0,80.71744471744472,0.05
1297,-18.0,18.0,80.70270270270271,0.05
1298,-19.0,19.0,87.34889434889435,0.05
1299,-15.0,15.0,81.8108108108108,0.05
1300,-28.0,28.0,81.37346437346437,0.05
1301,-22.0,22.0,83.95577395577395,0.05
1302,-19.0,19.0,92.00982800982801,0.05
1303,-24.0,24.0,83.27272727272727,0.05
1304,-25.0,25.0,82.23587223587224,0.05
1305,-19.0,19.0,90.27518427518427,0.05
1306,-15.0,15.0,80.8034398034398,0.05
1307,-22.0,22.0,87.80589680589681,0.05
1308,-23.0,23.0,81.64864864864865,0.05
1309,-13.0,13.0,85.58722358722359,0.05
1310,-15.0,15.0,80.11547911547912,0.05
1311,-20.0,20.0,84.95331695331696,0.05
1312,-14.0,14.0,81.02702702702703,0.05
1313,-25.0,25.0,86.1891891891892,0.05
1314,-23.0,23.0,82.08353808353809,0.05
1315,-24.0,24.0,87.74938574938575,0.05
1316,-18.0,18.0,85.07862407862407,0.05
1317,-13.0,13.0,88.45208845208845,0.05
1318,-16.0,16.0,85.95823095823096,0.05
1319,-17.0,17.0,79.81572481572482,0.05
1320,-20.0,20.0,84.85749385749386,0.05
1321,-19.0,19.0,79.14742014742015,0.05
1322,-18.0,18.0,87.16461916461917,0.05
1323,-16.0,16.0,80.57739557739558,0.05
1324,-18.0,18.0,81.06388206388206,0.05
1325,-16.0,16.0,85.43980343980344,0.05
1326,-21.0,21.0,86.35626535626535,0.05
1327,-16.0,16.0,84.43243243243244,0.05
1328,-20.0,20.0,84.96068796068796,0.05
1329,-18.0,18.0,80.96805896805897,0.05
1330,-33.0,33.0,89.26781326781327,0.05
1331,-17.0,17.0,90.8108108108108,0.05
1332,-16.0,16.0,79.81326781326781,0.05
1333,-25.0,25.0,86.69533169533169,0.05
1334,-22.0,22.0,80.62653562653563,0.05
1335,-30.0,30.0,89.62162162162163,0.05
1336,-23.0,23.0,89.61179361179362,0.05
1337,-23.0,23.0,87.36855036855037,0.05
1338,-18.0,18.0,82.0933660933661,0.05
1339,-21.0,21.0,86.15233415233415,0.05
1340,-13.0,13.0,80.76904176904176,0.05
1341,-17.0,17.0,84.71007371007371,0.05
1342,-23.0,23.0,87.42506142506143,0.05
1343,-19.0,19.0,81.35626535626535,0.05
1344,-23.0,23.0,87.21621621621621,0.05
1345,-21.0,21.0,81.95577395577395,0.05
1346,-13.0,13.0,80.02457002457002,0.05
1347,-19.0,19.0,79.2014742014742,0.05
1348,-21.0,21.0,87.73955773955774,0.05
1349,-24.0,24.0,84.67567567567568,0.05
1350,-26.0,26.0,86.69533169533169,0.05
1351,-20.0,20.0,82.25552825552826,0.05
1352,-23.0,23.0,92.2014742014742,0.05
1353,-27.0,27.0,87.15479115479116,0.05
1354,-21.0,21.0,88.04668304668304,0.05
1355,-16.0,16.0,80.84275184275184,0.05
1356,-19.0,19.0,86.29729729729729,0.05
1357,-20.0,20.0,90.46191646191646,0.05
1358,-25.0,25.0,89.52088452088452,0.05
1359,-19.0,19.0,82.10810810810811,0.05
1360,-19.0,19.0,79.10810810810811,0.05
1361,-18.0,18.0,83.8968058968059,0.05
1362,-33.0,33.0,93.52334152334153,0.05
1363,-19.0,19.0,87.62407862407862,0.05
1364,-17.0,17.0,80.5036855036855,0.05
1365,-18.0,18.0,80.75675675675676,0.05
1366,-19.0,19.0,80.87714987714988,0.05
1367,-18.0,18.0,87.63636363636364,0.05
1368,-18.0,18.0,77.995085995086,0.05
1369,-27.0,27.0,88.37837837837837,0.05
1370,-19.0,19.0,77.95823095823096,0.05
1371,-28.0,28.0,89.82800982800983,0.05
1372,-24.0,24.0,82.75429975429975,0.05
1373,-21.0,21.0,82.05651105651106,0.05
1374,-15.0,15.0,90.78378378378379,0.05
1375,-26.0,26.0,83.1056511056511,0.05
1376,-23.0,23.0,84.85012285012284,0.05
1377,-15.0,15.0,84.74938574938575,0.05
1378,-31.0,31.0,93.61425061425061,0.05
1379,-32.0,32.0,89.36855036855037,0.05
1380,-27.0,27.0,89.17199017199017,0.05
1381,-21.0,21.0,79.76167076167076,0.05
1382,-21.0,21.0,84.15233415233415,0.05
1383,-25.0,25.0,85.11547911547912,0.05
1384,-25.0,25.0,88.8968058968059,0.05
1385,-22.0,22.0,92.61179361179362,0.05
1386,-19.0,19.0,82.13759213759214,0.05
1387,-20.0,20.0,86.57739557739558,0.05
1388,-23.0,23.0,85.4914004914005,0.05
1389,-25.0,25.0,90.35872235872236,0.05
1390,-21.0,21.0,84.53071253071253,0.05
1391,-28.0,28.0,85.67567567567568,0.05
1392,-32.0,32.0,89.23587223587224,0.05
1393,-21.0,21.0,85.8894348894349,0.05
1394,-14.0,14.0,79.11302211302211,0.05
1395,-34.0,34.0,88.0933660933661,0.05
1396,-25.0,25.0,96.04668304668304,0.05
1397,-20.0,20.0,81.6068796068796,0.05
1398,-20.0,20.0,84.94348894348894,0.05
1399,-21.0,21.0,86.42014742014742,0.05
1400,-19.0,19.0,88.85995085995086,0.05
1401,-21.0,21.0,84.57739557739558,0.05
1402,-13.0,13.0,80.35380835380835,0.05
1403,-17.0,17.0,79.26535626535626,0.05
1404,-26.0,26.0,95.35872235872236,0.05
1405,-18.0,18.0,87.0982800982801,0.05
1406,-20.0,20.0,85.16216216216216,0.05
1407,-23.0,23.0,78.66584766584766,0.05
1408,-16.0,16.0,81.93857493857494,0.05
1409,-16.0,16.0,96.07371007371007,0.05
1410,-23.0,23.0,86.12776412776412,0.05
1411,-19.0,19.0,81.52579852579852,0.05
1412,-14.0,14.0,86.53071253071253,0.05
1413,-14.0,14.0,80.55773955773955,0.05
1414,-16.0,16.0,88.03931203931204,0.05
1415,-16.0,16.0,79.72727272727273,0.05
1416,-24.0,24.0,84.13267813267814,0.05
1417,-15.0,15.0,83.41277641277641,0.05
1418,-30.0,30.0,88.91154791154791,0.05
1419,-19.0,19.0,87.06633906633907,0.05
1420,-19.0,19.0,80.3980343980344,0.05
1421,-19.0,19.0,80.70761670761671,0.05
1422,-27.0,27.0,92.74692874692875,0.05
1423,-18.0,18.0,80.84029484029485,0.05
1424,-18.0,18.0,86.30958230958231,0.05
1425,-21.0,21.0,80.14987714987716,0.05
1426,-21.0,21.0,89.28009828009829,0.05
1427,-20.0,20.0,85.43980343980344,0.05
1428,-24.0,24.0,92.81326781326781,0.05
1429,-29.0,29.0,94.57002457002457,0.05
1430,-21.0,21.0,85.17444717444718,0.05
1431,-21.0,21.0,80.67567567567568,0.05
1432,-13.0,13.0,83.37837837837837,0.05
1433,-29.0,29.0,87.76167076167076,0.05
1434,-21.0,21.0,83.45700245700246,0.05
1435,-22.0,22.0,84.28255528255528,0.05
1436,-23.0,23.0,90.3022113022113,0.05
1437,-17.0,17.0,82.23587223587224,0.05
1438,-20.0,20.0,84.12530712530713,0.05
1439,-31.0,31.0,83.95577395577395,0.05
1440,-23.0,23.0,88.48402948402948,0.05
1441,-17.0,17.0,86.03194103194103,0.05
1442,-30.0,30.0,94.7985257985258,0.05
1443,-22.0,22.0,88.17444717444718,0.05
1444,-13.0,13.0,79.23832923832924,0.05
1445,-27.0,27.0,94.75429975429975,0.05
1446,-15.0,15.0,81.71990171990171,0.05
1447,-18.0,18.0,82.66339066339066,0.05
1448,-19.0,19.0,81.31449631449631,0.05
1449,-31.0,31.0,85.007371007371,0.05
1450,-25.0,25.0,84.95823095823096,0.05
1451,-13.0,13.0,82.52825552825553,0.05
1452,-22.0,22.0,86.07862407862407,0.05
1453,-19.0,19.0,85.47911547911548,0.05
1454,-22.0,22.0,88.54545454545455,0.05
1455,-18.0,18.0,83.5085995085995,0.05
1456,-19.0,19.0,89.57248157248158,0.05
1457,-19.0,19.0,79.49385749385749,0.05
1458,-14.0,14.0,83.76658476658477,0.05
1459,-11.0,11.0,84.80589680589681,0.05
1460,-19.0,19.0,83.47665847665847,0.05
1461,-25.0,25.0,87.992628992629,0.05
1462,-14.0,14.0,81.00982800982801,0.05
1463,-12.0,12.0,81.59213759213759,0.05
1464,-17.0,17.0,82.33415233415234,0.05
1465,-18.0,18.0,84.1965601965602,0.05
1466,-26.0,26.0,80.75675675675676,0.05
1467,-27.0,27.0,90.23095823095824,0.05
1468,-14.0,14.0,85.96560196560196,0.05
1469,-20.0,20.0,82.05405405405405,0.05
1470,-15.0,15.0,82.54299754299754,0.05
1471,-13.0,13.0,81.35135135135135,0.05
1472,-24.0,24.0,84.25307125307125,0.05
1473,-25.0,25.0,87.44963144963145,0.05
1474,-26.0,26.0,91.0,0.05
1475,-15.0,15.0,86.48402948402948,0.05
1476,-22.0,22.0,87.90417690417691,0.05
1477,-19.0,19.0,83.37100737100737,0.05
1478,-15.0,15.0,85.4054054054054,0.05
1479,-21.0,21.0,86.87960687960688,0.05
1480,-18.0,18.0,88.38083538083538,0.05
1481,-13.0,13.0,85.48157248157248,0.05
1482,-19.0,19.0,83.63882063882063,0.05
1483,-20.0,20.0,86.8894348894349,0.05
1484,-16.0,16.0,85.15724815724816,0.05
1485,-30.0,30.0,87.4914004914005,0.05
1486,-30.0,30.0,94.97051597051598,0.05
1487,-20.0,20.0,84.74447174447174,0.05
1488,-22.0,22.0,88.72727272727273,0.05
1489,-18.0,18.0,84.46437346437347,0.05
1490,-22.0,22.0,90.21867321867322,0.05
1491,-23.0,23.0,82.76658476658477,0.05
1492,-25.0,25.0,82.46928746928747,0.05
1493,-24.0,24.0,86.4054054054054,0.05
1494,-26.0,26.0,85.72235872235872,0.05
1495,-19.0,19.0,80.87960687960688,0.05
1496,-19.0,19.0,80.14987714987716,0.05
1497,-18.0,18.0,85.26781326781327,0.05
1498,-27.0,27.0,90.80589680589681,0.05
1499,-19.0,19.0,88.2014742014742,0.05
1500,-20.0,20.0,82.08108108108108,0.05
1501,-22.0,22.0,84.66584766584766,0.05
1502,-26.0,26.0,85.15233415233415,0.05
1503,-19.0,19.0,79.5970515970516,0.05
1504,-25.0,25.0,86.04914004914005,0.05
1505,-22.0,22.0,82.27518427518427,0.05
1506,-15.0,15.0,81.44471744471744,0.05
1507,-26.0,26.0,87.012285012285,0.05
1508,-31.0,31.0,87.88206388206389,0.05
1509,-22.0,22.0,84.77149877149877,0.05
1510,-23.0,23.0,83.35135135135135,0.05
1511,-24.0,24.0,87.81818181818181,0.05
1512,-20.0,20.0,78.53316953316953,0.05
1513,-18.0,18.0,81.56511056511056,0.05
1514,-19.0,19.0,86.06142506142506,0.05
1515,-13.0,13.0,81.90417690417691,0.05
1516,-19.0,19.0,83.12776412776412,0.05
1517,-26.0,26.0,88.94103194103194,0.05
1518,-26.0,26.0,82.15233415233415,0.05
1519,-26.0,26.0,82.91400491400492,0.05
1520,-16.0,16.0,83.20638820638821,0.05
1521,-17.0,17.0,81.44963144963145,0.05
1522,-20.0,20.0,85.80589680589681,0.05
1523,-20.0,20.0,92.36363636363636,0.05
1524,-23.0,23.0,90.03439803439804,0.05
1525,-18.0,18.0,80.48648648648648,0.05
1526,-18.0,18.0,86.45208845208845,0.05
1527,-14.0,14.0,81.71007371007371,0.05
1528,-21.0,21.0,86.75184275184276,0.05
1529,-18.0,18.0,80.28255528255528,0.05
1530,-16.0,16.0,82.86977886977887,0.05
1531,-20.0,20.0,86.44963144963145,0.05
1532,-19.0,19.0,83.06142506142506,0.05
1533,-28.0,28.0,86.33169533169533,0.05
1534,-19.0,19.0,81.56265356265357,0.05
1535,-18.0,18.0,79.1007371007371,0.05
1536,-23.0,23.0,80.25798525798525,0.05
1537,-12.0,12.0,79.57248157248158,0.05
1538,-20.0,20.0,85.4914004914005,0.05
1539,-21.0,21.0,90.12039312039312,0.05
1540,-23.0,23.0,85.17444717444718,0.05
1541,-32.0,32.0,91.16216216216216,0.05
1542,-23.0,23.0,89.18181818181819,0.05
1543,-15.0,15.0,81.997542997543,0.05
1544,-27.0,27.0,85.52334152334153,0.05
1545,-24.0,24.0,85.2088452088452,0.05
1546,-17.0,17.0,81.23341523341523,0.05
1547,-14.0,14.0,78.00982800982801,0.05
1548,-19.0,19.0,83.85503685503686,0.05
1549,-11.0,11.0,76.41769041769042,0.05
1550,-18.0,18.0,79.002457002457,0.05
1551,-24.0,24.0,88.01474201474201,0.05
1552,-21.0,21.0,85.63882063882063,0.05
1553,-23.0,23.0,81.90417690417691,0.05
1554,-23.0,23.0,85.94348894348894,0.05
1555,-19.0,19.0,88.08353808353809,0.05
1556,-21.0,21.0,83.93120393120392,0.05
1557,-20.0,20.0,90.34152334152334,0.05
1558,-22.0,22.0,83.68304668304668,0.05
1559,-23.0,23.0,81.5012285012285,0.05
1560,-15.0,15.0,86.22358722358722,0.05
1561,-23.0,23.0,85.27272727272727,0.05
1562,-16.0,16.0,79.97297297297297,0.05
1563,-22.0,22.0,86.72235872235872,0.05
1564,-24.0,24.0,85.56511056511056,0.05
1565,-13.0,13.0,83.75675675675676,0.05
1566,-22.0,22.0,82.98280098280098,0.05
1567,-21.0,21.0,84.64864864864865,0.05
1568,-21.0,21.0,95.72727272727273,0.05
1569,-18.0,18.0,90.42260442260442,0.05
1570,-24.0,24.0,80.66584766584766,0.05
1571,-17.0,17.0,82.93366093366093,0.05
1572,-22.0,22.0,83.54545454545455,0.05
1573,-30.0,30.0,88.02457002457002,0.05
1574,-21.0,21.0,88.85503685503686,0.05
1575,-13.0,13.0,83.26535626535626,0.05
1576,-22.0,22.0,85.02457002457002,0.05
1577,-25.0,25.0,83.67321867321867,0.05
1578,-14.0,14.0,84.91154791154791,0.05
1579,-18.0,18.0,85.67321867321867,0.05
1580,-17.0,17.0,82.55036855036855,0.05
1581,-22.0,22.0,86.18427518427518,0.05
1582,-19.0,19.0,80.27518427518427,0.05
1583,-25.0,25.0,87.24570024570025,0.05
1584,-18.0,18.0,85.24324324324324,0.05
1585,-13.0,13.0,84.48894348894349,0.05
1586,-15.0,15.0,84.01719901719902,0.05
1587,-40.0,40.0,90.33415233415234,0.05
1588,-18.0,18.0,87.1007371007371,0.05
1589,-23.0,23.0,82.71007371007371,0.05
1590,-17.0,17.0,86.52825552825553,0.05
1591,-25.0,25.0,84.46928746928747,0.05
1592,-19.0,19.0,85.16216216216216,0.05
1593,-21.0,21.0,82.15724815724816,0.05
1594,-23.0,23.0,84.58476658476658,0.05
1595,-13.0,13.0,84.32432432432432,0.05
1596,-18.0,18.0,81.73955773955774,0.05
1597,-17.0,17.0,83.95085995085995,0.05
1598,-22.0,22.0,86.27764127764128,0.05
1599,-21.0,21.0,89.08845208845209,0.05
1600,-13.0,13.0,79.21621621621621,0.05
1601,-17.0,17.0,85.26289926289927,0.05
1602,-19.0,19.0,81.44226044226045,0.05
1603,-25.0,25.0,84.63882063882063,0.05
1604,-26.0,26.0,85.27272727272727,0.05
1605,-17.0,17.0,82.97297297297297,0.05
1606,-16.0,16.0,83.28009828009829,0.05
1607,-23.0,23.0,91.02702702702703,0.05
1608,-21.0,21.0,81.20638820638821,0.05
1609,-21.0,21.0,84.8894348894349,0.05
1610,-20.0,20.0,84.65356265356266,0.05
1611,-16.0,16.0,82.42997542997543,0.05
1612,-20.0,20.0,88.0909090909091,0.05
1613,-28.0,28.0,94.6019656019656,0.05
1614,-21.0,21.0,82.24815724815724,0.05
1615,-23.0,23.0,84.34643734643734,0.05
1616,-21.0,21.0,82.84029484029485,0.05
1617,-20.0,20.0,78.52825552825553,0.05
1618,-13.0,13.0,80.98280098280098,0.05
1619,-21.0,21.0,83.69041769041769,0.05
1620,-18.0,18.0,83.75675675675676,0.05
1621,-21.0,21.0,89.96314496314497,0.05
1622,-29.0,29.0,95.07862407862407,0.05
1623,-23.0,23.0,87.27518427518427,0.05
1624,-20.0,20.0,80.35380835380835,0.05
1625,-18.0,18.0,87.34152334152334,0.05
1626,-18.0,18.0,84.21130221130221,0.05
1627,-23.0,23.0,89.43243243243244,0.05
1628,-21.0,21.0,81.16707616707616,0.05
1629,-23.0,23.0,86.29238329238329,0.05
1630,-19.0,19.0,88.52088452088452,0.05
1631,-20.0,20.0,90.41523341523342,0.05
1632,-27.0,27.0,86.55773955773955,0.05
1633,-20.0,20.0,82.38083538083538,0.05
1634,-19.0,19.0,82.87960687960688,0.05
1635,-20.0,20.0,83.87714987714988,0.05
1636,-23.0,23.0,82.27764127764128,0.05
1637,-13.0,13.0,78.43243243243244,0.05
1638,-18.0,18.0,88.33169533169533,0.05
1639,-24.0,24.0,94.37100737100737,0.05
1640,-15.0,15.0,85.52825552825553,0.05
1641,-21.0,21.0,86.77395577395578,0.05
1642,-19.0,19.0,83.5945945945946,0.05
1643,-21.0,21.0,84.94840294840294,0.05
1644,-20.0,20.0,89.2088452088452,0.05
1645,-23.0,23.0,84.65356265356266,0.05
1646,-23.0,23.0,82.45700245700246,0.05
1647,-18.0,18.0,86.71498771498771,0.05
1648,-24.0,24.0,87.98280098280098,0.05
1649,-15.0,15.0,83.987714987715,0.05
1650,-20.0,20.0,85.25552825552826,0.05
1651,-19.0,19.0,79.95085995085995,0.05
1652,-25.0,25.0,83.6928746928747,0.05
1653,-26.0,26.0,89.16461916461917,0.05
1654,-20.0,20.0,85.007371007371,0.05
1655,-29.0,29.0,94.25307125307125,0.05
1656,-12.0,12.0,81.90417690417691,0.05
1657,-21.0,21.0,80.18181818181819,0.05
1658,-17.0,17.0,83.1105651105651,0.05
1659,-26.0,26.0,87.92137592137593,0.05
1660,-20.0,20.0,82.8009828009828,0.05
1661,-19.0,19.0,82.5995085995086,0.05
1662,-22.0,22.0,92.44471744471744,0.05
1663,-24.0,24.0,88.23832923832924,0.05
1664,-17.0,17.0,82.33169533169533,0.05
1665,-21.0,21.0,81.66830466830467,0.05
1666,-19.0,19.0,84.997542997543,0.05
1667,-19.0,19.0,83.31941031941032,0.05
1668,-22.0,22.0,82.62899262899263,0.05
1669,-19.0,19.0,79.14742014742015,0.05
1670,-29.0,29.0,86.004914004914,0.05
1671,-16.0,16.0,88.17690417690417,0.05
1672,-21.0,21.0,84.95823095823096,0.05
1673,-18.0,18.0,82.02211302211302,0.05
1674,-14.0,14.0,80.34398034398035,0.05
1675,-21.0,21.0,83.71253071253071,0.05
1676,-20.0,20.0,84.81572481572482,0.05
1677,-24.0,24.0,83.6068796068796,0.05
1678,-21.0,21.0,83.87960687960688,0.05
1679,-30.0,30.0,91.88452088452088,0.05
1680,-27.0,27.0,83.33415233415234,0.05
1681,-17.0,17.0,85.48402948402948,0.05
1682,-23.0,23.0,81.26289926289927,0.05
1683,-27.0,27.0,92.07371007371007,0.05
1684,-28.0,28.0,86.67076167076166,0.05
1685,-17.0,17.0,82.78869778869779,0.05
1686,-17.0,17.0,79.45945945945945,0.05
1687,-15.0,15.0,81.28501228501229,0.05
1688,-20.0,20.0,85.43243243243244,0.05
1689,-18.0,18.0,85.21621621621621,0.05
1690,-28.0,28.0,86.1965601965602,0.05
1691,-19.0,19.0,84.16953316953317,0.05
1692,-18.0,18.0,89.83538083538083,0.05
1693,-21.0,21.0,91.18181818181819,0.05
1694,-23.0,23.0,87.05651105651106,0.05
1695,-16.0,16.0,80.89189189189189,0.05
1696,-17.0,17.0,82.12776412776412,0.05
1697,-39.0,39.0,85.5995085995086,0.05
1698,-17.0,17.0,82.34889434889435,0.05
1699,-26.0,26.0,93.08108108108108,0.05
1700,-20.0,20.0,83.93857493857494,0.05
1701,-17.0,17.0,82.95577395577395,0.05
1702,-19.0,19.0,83.23832923832924,0.05
1703,-18.0,18.0,86.30958230958231,0.05
1704,-15.0,15.0,87.58722358722359,0.05
1705,-20.0,20.0,83.57739557739558,0.05
1706,-18.0,18.0,83.47665847665847,0.05
1707,-18.0,18.0,83.75675675675676,0.05
1708,-16.0,16.0,83.95331695331696,0.05
1709,-18.0,18.0,80.43488943488944,0.05
1710,-15.0,15.0,87.45700245700246,0.05
1711,-24.0,24.0,86.91891891891892,0.05
1712,-28.0,28.0,85.93366093366093,0.05
1713,-17.0,17.0,81.74447174447174,0.05
1714,-14.0,14.0,85.78869778869779,0.05
1715,-21.0,21.0,81.2948402948403,0.05
1716,-23.0,23.0,81.1105651105651,0.05
1717,-20.0,20.0,87.14987714987716,0.05
1718,-16.0,16.0,80.81818181818181,0.05
1719,-20.0,20.0,81.03194103194103,0.05
1720,-21.0,21.0,82.2039312039312,0.05
1721,-16.0,16.0,82.20638820638821,0.05
1722,-17.0,17.0,82.97542997542998,0.05
1723,-22.0,22.0,87.26289926289927,0.05
1724,-20.0,20.0,80.96314496314497,0.05
1725,-21.0,21.0,86.75184275184276,0.05
1726,-24.0,24.0,83.8894348894349,0.05
1727,-16.0,16.0,80.14004914004914,0.05
1728,-27.0,27.0,84.57739557739558,0.05
1729,-20.0,20.0,84.52334152334153,0.05
1730,-19.0,19.0,77.97788697788698,0.05
1731,-20.0,20.0,81.63882063882063,0.05
1732,-14.0,14.0,86.5970515970516,0.05
1733,-26.0,26.0,79.86486486486487,0.05
1734,-23.0,23.0,86.65601965601965,0.05
1735,-26.0,26.0,87.57002457002457,0.05
1736,-20.0,20.0,85.3022113022113,0.05
1737,-20.0,20.0,86.51597051597052,0.05
1738,-21.0,21.0,82.64373464373465,0.05
1739,-19.0,19.0,80.5036855036855,0.05
1740,-19.0,19.0,82.29729729729729,0.05
1741,-21.0,21.0,82.45700245700246,0.05
1742,-29.0,29.0,86.68796068796068,0.05
1743,-23.0,23.0,80.96314496314497,0.05
1744,-22.0,22.0,81.16216216216216,0.05
1745,-25.0,25.0,87.41031941031942,0.05
1746,-19.0,19.0,81.26535626535626,0.05
1747,-18.0,18.0,80.52825552825553,0.05
1748,-28.0,28.0,86.3931203931204,0.05
1749,-28.0,28.0,85.08845208845209,0.05
1750,-21.0,21.0,83.27764127764128,0.05
1751,-17.0,17.0,82.85012285012284,0.05
1752,-20.0,20.0,85.15970515970515,0.05
1753,-18.0,18.0,84.48648648648648,0.05
1754,-20.0,20.0,82.77149877149877,0.05
1755,-24.0,24.0,89.58230958230958,0.05
1756,-23.0,23.0,82.89189189189189,0.05
1757,-21.0,21.0,79.02457002457002,0.05
1758,-16.0,16.0,83.53808353808354,0.05
1759,-14.0,14.0,80.84275184275184,0.05
1760,-21.0,21.0,84.17199017199017,0.05
1761,-22.0,22.0,78.90417690417691,0.05
1762,-25.0,25.0,83.004914004914,0.05
1763,-23.0,23.0,84.12039312039312,0.05
1764,-27.0,27.0,87.27518427518427,0.05
1765,-11.0,11.0,82.58230958230958,0.05
1766,-16.0,16.0,86.82309582309583,0.05
1767,-19.0,19.0,87.12776412776412,0.05
1768,-21.0,21.0,91.60933660933661,0.05
1769,-17.0,17.0,81.91646191646191,0.05
1770,-20.0,20.0,81.96068796068796,0.05
1771,-23.0,23.0,90.004914004914,0.05
1772,-19.0,19.0,86.9066339066339,0.05
1773,-12.0,12.0,83.81572481572482,0.05
1774,-16.0,16.0,77.81326781326781,0.05
1775,-18.0,18.0,83.5995085995086,0.05
1776,-21.0,21.0,83.002457002457,0.05
1777,-19.0,19.0,84.38820638820638,0.05
1778,-22.0,22.0,84.53808353808354,0.05
1779,-22.0,22.0,81.1891891891892,0.05
1780,-18.0,18.0,84.25798525798525,0.05
1781,-21.0,21.0,82.68304668304668,0.05
1782,-24.0,24.0,90.68550368550369,0.05
1783,-20.0,20.0,78.85257985257985,0.05
1784,-18.0,18.0,82.63144963144963,0.05
1785,-21.0,21.0,80.82800982800983,0.05
1786,-22.0,22.0,84.73955773955774,0.05
1787,-28.0,28.0,83.71253071253071,0.05
1788,-16.0,16.0,84.06388206388206,0.05
1789,-23.0,23.0,88.16953316953317,0.05
1790,-27.0,27.0,91.13022113022113,0.05
1791,-16.0,16.0,85.84275184275184,0.05
1792,-20.0,20.0,82.65847665847666,0.05
1793,-18.0,18.0,79.0982800982801,0.05
1794,-25.0,25.0,88.9066339066339,0.05
1795,-14.0,14.0,82.5970515970516,0.05
1796,-18.0,18.0,84.56265356265357,0.05
1797,-16.0,16.0,82.75921375921376,0.05
1798,-24.0,24.0,84.67076167076166,0.05
1799,-14.0,14.0,80.37100737100737,0.05
1800,-16.0,16.0,82.08845208845209,0.05
1801,-15.0,15.0,81.03439803439804,0.05
1802,-18.0,18.0,80.44963144963145,0.05
1803,-17.0,17.0,84.2088452088452,0.05
1804,-20.0,20.0,81.8894348894349,0.05
1805,-16.0,16.0,80.70270270270271,0.05
1806,-31.0,31.0,83.45945945945945,0.05
1807,-19.0,19.0,84.49385749385749,0.05
1808,-22.0,22.0,85.37592137592138,0.05
1809,-21.0,21.0,78.88697788697789,0.05
1810,-17.0,17.0,77.11302211302211,0.05
1811,-21.0,21.0,82.76904176904176,0.05
1812,-22.0,22.0,85.10810810810811,0.05
1813,-16.0,16.0,86.11547911547912,0.05
1814,-19.0,19.0,83.37346437346437,0.05
1815,-19.0,19.0,85.55282555282555,0.05
1816,-17.0,17.0,80.13022113022113,0.05
1817,-15.0,15.0,81.57739557739558,0.05
1818,-26.0,26.0,84.81326781326781,0.05
1819,-19.0,19.0,84.26289926289927,0.05
1820,-22.0,22.0,82.36117936117937,0.05
1821,-18.0,18.0,80.91400491400492,0.05
1822,-17.0,17.0,82.1031941031941,0.05
1823,-14.0,14.0,84.63390663390663,0.05
1824,-19.0,19.0,81.68304668304668,0.05
1825,-22.0,22.0,83.2948402948403,0.05
1826,-21.0,21.0,82.65356265356266,0.05
1827,-24.0,24.0,89.12530712530713,0.05
1828,-21.0,21.0,84.65601965601965,0.05
1829,-20.0,20.0,87.65847665847666,0.05
1830,-20.0,20.0,82.31203931203932,0.05
1831,-13.0,13.0,80.9066339066339,0.05
1832,-27.0,27.0,87.02457002457002,0.05
1833,-17.0,17.0,86.987714987715,0.05
1834,-19.0,19.0,84.92628992628993,0.05
1835,-17.0,17.0,79.52334152334153,0.05
1836,-23.0,23.0,81.46191646191646,0.05
1837,-27.0,27.0,87.97297297297297,0.05
1838,-21.0,21.0,81.57739557739558,0.05
1839,-18.0,18.0,83.57248157248158,0.05
1840,-21.0,21.0,84.15970515970515,0.05
1841,-16.0,16.0,84.71744471744472,0.05
1842,-22.0,22.0,86.6928746928747,0.05
1843,-23.0,23.0,85.27518427518427,0.05
1844,-14.0,14.0,81.74447174447174,0.05
1845,-21.0,21.0,90.89189189189189,0.05
1846,-20.0,20.0,81.01474201474201,0.05
1847,-20.0,20.0,82.97051597051598,0.05
1848,-28.0,28.0,88.48648648648648,0.05
1849,-21.0,21.0,80.39066339066339,0.05
1850,-20.0,20.0,89.41277641277641,0.05
1851,-20.0,20.0,83.03439803439804,0.05
1852,-21.0,21.0,85.91154791154791,0.05
1853,-23.0,23.0,77.49385749385749,0.05
1854,-22.0,22.0,88.99017199017199,0.05
1855,-23.0,23.0,87.55282555282555,0.05
1856,-16.0,16.0,76.98525798525799,0.05
1857,-22.0,22.0,85.27272727272727,0.05
1858,-28.0,28.0,82.42997542997543,0.05
1859,-27.0,27.0,87.62899262899263,0.05
1860,-23.0,23.0,85.1031941031941,0.05
1861,-20.0,20.0,77.74201474201475,0.05
1862,-17.0,17.0,80.002457002457,0.05
1863,-20.0,20.0,84.3071253071253,0.05
1864,-23.0,23.0,85.15724815724816,0.05
1865,-14.0,14.0,84.12776412776412,0.05
1866,-20.0,20.0,87.69533169533169,0.05
1867,-27.0,27.0,87.93366093366093,0.05
1868,-21.0,21.0,84.44963144963145,0.05
1869,-19.0,19.0,79.46928746928747,0.05
1870,-22.0,22.0,79.012285012285,0.05
1871,-25.0,25.0,87.82063882063882,0.05
1872,-18.0,18.0,82.54791154791155,0.05
1873,-16.0,16.0,79.38329238329239,0.05
1874,-16.0,16.0,82.58230958230958,0.05
1875,-15.0,15.0,82.16707616707616,0.05
1876,-12.0,12.0,79.53071253071253,0.05
1877,-24.0,24.0,87.73955773955774,0.05
1878,-16.0,16.0,84.75184275184276,0.05
1879,-18.0,18.0,80.23095823095824,0.05
1880,-18.0,18.0,81.43243243243244,0.05
1881,-15.0,15.0,86.30958230958231,0.05
1882,-17.0,17.0,83.51351351351352,0.05
1883,-15.0,15.0,79.95085995085995,0.05
1884,-11.0,11.0,79.46683046683047,0.05
1885,-21.0,21.0,85.71744471744472,0.05
1886,-15.0,15.0,77.34152334152334,0.05
1887,-23.0,23.0,82.4914004914005,0.05
1888,-24.0,24.0,85.65110565110565,0.05
1889,-14.0,14.0,83.37100737100737,0.05
1890,-18.0,18.0,80.24815724815724,0.05
1891,-21.0,21.0,84.4029484029484,0.05
1892,-18.0,18.0,80.8108108108108,0.05
1893,-18.0,18.0,80.0933660933661,0.05
1894,-22.0,22.0,85.14250614250614,0.05
1895,-19.0,19.0,84.52088452088452,0.05
1896,-23.0,23.0,89.63636363636364,0.05
1897,-18.0,18.0,80.64373464373465,0.05
1898,-17.0,17.0,87.27027027027027,0.05
1899,-17.0,17.0,80.22358722358722,0.05
1900,-20.0,20.0,82.28009828009829,0.05
1901,-23.0,23.0,95.85257985257985,0.05
1902,-23.0,23.0,86.25798525798525,0.05
1903,-19.0,19.0,81.59213759213759,0.05
1904,-18.0,18.0,86.4054054054054,0.05
1905,-22.0,22.0,82.03685503685503,0.05
1906,-31.0,31.0,88.66093366093367,0.05
1907,-18.0,18.0,81.12285012285012,0.05
1908,-14.0,14.0,78.29729729729729,0.05
1909,-18.0,18.0,83.23095823095824,0.05
1910,-19.0,19.0,83.82555282555282,0.05
1911,-27.0,27.0,86.02702702702703,0.05
1912,-19.0,19.0,79.012285012285,0.05
1913,-15.0,15.0,79.98280098280098,0.05
1914,-24.0,24.0,83.66584766584766,0.05
1915,-14.0,14.0,84.82063882063882,0.05
1916,-23.0,23.0,84.75429975429975,0.05
1917,-19.0,19.0,81.48402948402948,0.05
1918,-22.0,22.0,88.92383292383292,0.05
1919,-18.0,18.0,82.34152334152334,0.05
1920,-20.0,20.0,86.2014742014742,0.05
1921,-15.0,15.0,82.8943488943489,0.05
1922,-22.0,22.0,84.62407862407862,0.05
1923,-22.0,22.0,83.8943488943489,0.05
1924,-16.0,16.0,81.38820638820638,0.05
1925,-24.0,24.0,88.91646191646191,0.05
1926,-18.0,18.0,81.37346437346437,0.05
1927,-21.0,21.0,83.53071253071253,0.05
1928,-22.0,22.0,87.13022113022113,0.05
1929,-19.0,19.0,80.67321867321867,0.05
1930,-23.0,23.0,87.73464373464374,0.05
1931,-20.0,20.0,82.6068796068796,0.05
1932,-19.0,19.0,82.62653562653563,0.05
1933,-18.0,18.0,80.98525798525799,0.05
1934,-16.0,16.0,79.97788697788698,0.05
1935,-14.0,14.0,78.52088452088452,0.05
1936,-24.0,24.0,86.2039312039312,0.05
1937,-23.0,23.0,83.67813267813268,0.05
1938,-21.0,21.0,87.4029484029484,0.05
1939,-16.0,16.0,84.86486486486487,0.05
1940,-23.0,23.0,85.83783783783784,0.05
1941,-25.0,25.0,84.92874692874693,0.05
1942,-23.0,23.0,86.65356265356266,0.05
1943,-24.0,24.0,85.42014742014742,0.05
1944,-24.0,24.0,82.38574938574939,0.05
1945,-23.0,23.0,83.48402948402948,0.05
1946,-18.0,18.0,80.88206388206389,0.05
1947,-21.0,21.0,81.94103194103194,0.05
1948,-14.0,14.0,77.0909090909091,0.05
1949,-18.0,18.0,78.58230958230958,0.05
1950,-14.0,14.0,79.62162162162163,0.05
1951,-24.0,24.0,86.45208845208845,0.05
1952,-21.0,21.0,83.53808353808354,0.05
1953,-21.0,21.0,82.81818181818181,0.05
1954,-16.0,16.0,82.54791154791155,0.05
1955,-15.0,15.0,81.24570024570025,0.05
1956,-22.0,22.0,82.1965601965602,0.05
1957,-18.0,18.0,81.72235872235872,0.05
1958,-27.0,27.0,84.92383292383292,0.05
1959,-20.0,20.0,81.92137592137593,0.05
1960,-23.0,23.0,82.78132678132678,0.05
1961,-24.0,24.0,86.99017199017199,0.05
1962,-18.0,18.0,86.55036855036855,0.05
1963,-18.0,18.0,85.49385749385749,0.05
1964,-20.0,20.0,82.92137592137593,0.05
1965,-34.0,34.0,87.2948402948403,0.05
1966,-21.0,21.0,85.87960687960688,0.05
1967,-14.0,14.0,81.71007371007371,0.05
1968,-19.0,19.0,81.1990171990172,0.05
1969,-17.0,17.0,78.82800982800983,0.05
1970,-11.0,11.0,81.46683046683047,0.05
1971,-10.0,10.0,81.96314496314497,0.05
1972,-17.0,17.0,82.14742014742015,0.05
1973,-30.0,30.0,84.10810810810811,0.05
1974,-19.0,19.0,79.85012285012284,0.05
1975,-23.0,23.0,79.67076167076166,0.05
1976,-15.0,15.0,80.83292383292384,0.05
1977,-19.0,19.0,82.9017199017199,0.05
1978,-22.0,22.0,84.73710073710073,0.05
1979,-20.0,20.0,79.23832923832924,0.05
1980,-30.0,30.0,93.41031941031942,0.05
1981,-21.0,21.0,77.27518427518427,0.05
1982,-16.0,16.0,81.57002457002457,0.05
1983,-23.0,23.0,86.47174447174447,0.05
1984,-23.0,23.0,87.36363636363636,0.05
1985,-19.0,19.0,88.38329238329239,0.05
1986,-23.0,23.0,78.91646191646191,0.05
1987,-17.0,17.0,83.1007371007371,0.05
1988,-28.0,28.0,91.0982800982801,0.05
1989,-23.0,23.0,89.88697788697789,0.05
1990,-17.0,17.0,86.78869778869779,0.05
1991,-22.0,22.0,81.34398034398035,0.05
1992,-18.0,18.0,78.7051597051597,0.05
1993,-11.0,11.0,80.7960687960688,0.05
1994,-22.0,22.0,78.54299754299754,0.05
1995,-31.0,31.0,88.59213759213759,0.05
1996,-25.0,25.0,88.2088452088452,0.05
1997,-24.0,24.0,89.87223587223588,0.05
1998,-25.0,25.0,88.94840294840294,0.05
1999,-25.0,25.0,85.8943488943489,0.05
2000,-23.0,23.0,88.17936117936118,0.05
